bike_uuid,original_bike_id,bike_type
d95bafc8-f2a4-d27b-dcf4-bb99f4bea973,11235,standard
5c6e4337-15ba-2bdd-1772-19d30e7a269f,11971,standard
cf1822ff-bc68-8778-2b49-1044d5e34124,11972,standard
4067c358-4ee2-07f8-da94-e3e8ab73738f,11975,standard
0925e474-9b57-5bd1-3653-f8dd9b1f282e,11978,standard
ffed9235-288b-c781-ae66-267594c9c950,11979,standard
cdbd47d3-64be-8049-a372-db8f6e405d93,11982,standard
82523e86-feac-7eb7-dc38-f519b91751da,11986,standard
ef8acd12-8b4f-2fc1-5f3f-57ebf30b94fa,11990,standard
e6b58de7-44ab-6cce-8087-7b6f71e1f6d2,11994,standard
5d300cb9-0706-a045-defc-044a09325626,11996,standard
e8624fab-5186-ee32-ee8d-7ee9770348a0,11998,standard
e2520e33-e44c-5055-6c71-c4a66148a86f,11999,standard
2d6c797f-8f7d-9b78-2a1b-e9cd8697bbd0,12002,standard
2d3d854e-061b-9030-3b08-c6e33c729578,12006,standard
829a48d4-22fe-99a2-2c70-501e533c9135,12009,standard
83844b40-ffa9-b9f1-5c14-bc4a829e07b0,12014,standard
fec3f6b3-2e8d-4b8a-8f54-f8ceacaab39e,12015,standard
6a27e0df-cbf8-7544-7215-4e76e4c11ab2,12016,standard
e89204e2-e816-8561-867e-5e15bc01bfce,12017,standard
97eeab64-ca2c-e6bc-5d3f-d983c34c769f,12018,standard
dbe53fca-fb21-47df-5ca4-95fa5a91c89b,12019,standard
f4767f26-2943-65b2-721d-ea3bf63f23d0,12020,standard
bd143fa9-b714-210c-665d-7435c1066932,12024,standard
3ff98ff3-87c5-6473-a7a8-3ee0761ebfd2,12028,standard
7f81375e-ecc1-cb63-4773-3e847d718d73,12029,standard
cbd4d3e2-d4de-c9ef-83f0-be4e80371eb9,12032,standard
74667bff-e202-849d-a964-3a295a9ac6de,12034,standard
59cc60b1-7604-e4b4-e736-95c3e652c71a,12037,standard
8ebdbfe3-eb9a-c688-b9d3-9cca91551e82,12044,standard
a8acb513-7c92-60dc-74e0-88a9b9492f25,12045,standard
d08f1bb2-531d-6460-f0ca-eef038c89b38,12046,standard
e06f291b-2a83-8af8-d5c4-4a4eb3172062,12047,standard
c5e2486c-44a4-a8f6-9dc8-db48e86ec9c6,12053,standard
4da4daeb-4f3f-8777-7ad1-f45ae9500ec9,12054,standard
d4c0dca8-b4c9-e755-cc9c-3adcf515a823,12055,standard
81e220df-848b-1df7-8feb-994a81167346,12056,standard
681b8f58-9683-8b76-9da5-9b74a6c3181c,12064,standard
7d28f934-3533-9774-bb1e-386c4fd5079e,12069,standard
af29d115-ef24-bd62-5dd9-61e6830b54fa,12071,standard
c8c69069-134b-ccd3-e1cf-4f589f8e4ce0,12074,standard
0227eeb7-b9d7-d01f-5769-da05d205bbfc,12075,standard
ff3fe32a-30ff-c4ee-d0a7-bd04e85bfcdd,12076,standard
930cdbd3-0f0a-d2a8-1b2d-19a2beaa14a7,12079,standard
9779ac1f-45e9-dd32-0c85-5fdfa7251af0,12090,standard
ea748db9-e020-307a-aeb6-db2c3a038a70,12091,standard
22f1a831-85b9-8f5f-c11e-60de1b343f52,12097,standard
d322a735-3ead-4efe-440e-2b4fda9c025a,12098,standard
0f756132-e16d-ce72-f18e-859835e1f291,12103,standard
c268a20e-b78a-c332-e5e1-38e26c4454b9,12104,standard
5c374746-5cc3-6c27-0e8a-35b10828d569,12109,standard
0600571f-ac3a-5b26-3fdf-57cd2c006497,12115,standard
11457d9c-f45e-2fa0-1d7f-427515392480,12116,standard
eb2b5693-babb-7fbb-0a76-c196067cfdcb,12120,standard
20b6a846-4174-e75a-5f83-4da70569c018,12125,standard
bc1b00d9-2838-e766-ef9b-6bf2d037fe2e,12126,standard
007ee4fa-b105-d83e-85e9-51862f0981ae,12128,standard
cb4deeec-0b0c-995e-96e6-bc4d62b47204,12129,standard
f8877acf-26c3-77c1-3f71-9726fd70bdda,12133,standard
f03f2d71-581d-8e83-0112-ff0f0948ecca,12135,standard
bf67da14-be11-d56b-a0b4-a2969d8055a9,12136,standard
7d1f7157-5653-a45c-4939-0aa51cf5192b,12138,standard
8d2f527e-72da-f0a5-4ef2-5c0707e33868,12139,standard
0bb7be72-bd6d-2500-9aeb-7fa0c4169b14,12140,standard
66dfe717-c173-1339-4391-b6e2e6eacb0f,12141,standard
2748dd1d-b491-7fc0-9f20-dbb0dcc93f0e,12142,standard
17ec9406-39bc-2ccd-f572-df00790813e3,12148,standard
d6a179fa-50f9-6cd4-aff9-261aa92c0e6f,12150,standard
c9d531ae-72a4-7403-0632-38da1a1fe3f9,12153,standard
84ae65e9-20a6-3ac1-f2b6-4df6dff07870,12154,standard
7ca6e706-6498-89c0-c7f3-860895bfa813,12158,standard
dfdb8394-24d2-01e6-53f5-3d6883ca1c10,12162,standard
4307c68c-4254-24a1-574f-1eedf5b0f16c,12164,standard
a73fa0b2-6b75-196c-f87e-b8a09b27ec71,12175,standard
f5810574-8ed5-d1b7-b310-b730049dd332,12179,standard
40c270b0-0e89-3302-aba9-e7b823fc5ad2,12180,standard
2bb3b36f-2942-1c40-21b7-379f0897246a,12187,standard
3b4dbf2c-a294-523d-7411-5c86188b1044,12190,standard
b5459d83-fbc4-6f1a-ea99-0e94821d4606,12193,standard
3f2bb31e-fe99-34ad-0809-eae3ef232a32,12194,standard
12d40507-71d7-b14e-b6c0-04cc3b8367dc,12198,standard
3a6b86a7-975b-54a3-1497-024640332b06,12208,standard
9fb8883a-ccda-6559-caa5-38a09fc9370d,12210,standard
af3f5d78-41b1-256d-5c1d-c12fb5a1ae51,12212,standard
c02c6b95-86b4-625b-475b-51096c4ad652,12215,standard
627f2855-0916-7d41-26af-8090013c3273,12220,standard
8317cba0-1c75-f67e-2905-35d868a24b7f,12222,standard
1a16daff-3da9-5cd2-167b-75dfb948f82a,12223,standard
c02659fe-2e87-d415-0511-baeb198ababb,12225,standard
0641b4fa-37a4-7ce4-1aef-fafc3b45402a,12226,standard
74300513-76e3-1f5a-ab63-ad02854efa60,12228,standard
6147db98-a44a-4d46-8918-b6824f4a353e,12229,standard
c2b1c26b-e814-7dc9-af47-9f2936631b3e,12231,standard
ce5b3e7e-ba9b-398d-35cb-c4d3f68ed036,12232,standard
0575665b-82f1-c080-6cf4-0d8a6f092ec5,12233,standard
e1a5dbb0-0d1d-b848-9762-3f4094c16aad,12234,standard
94d2c3a6-866a-a110-edcb-1f9a6b031f3d,12238,standard
a9cd8311-1802-6938-ebad-83042e64c3e0,12244,standard
04fcd49f-5dbe-3b83-7ad4-5a77cd7acfcb,12247,standard
1e5bfa6b-ebe4-2b82-f5ee-773384eaed1f,12252,standard
b0bdb4fe-4a21-f703-5dd1-d1839c4a67c3,12253,standard
4eeb1439-5f4a-3ff5-eeb4-de7afbc80976,12255,standard
69897f7f-af70-8536-dfd5-349d04e0cb95,12257,standard
32c9c69b-4e50-ed89-1ae2-5cc819e5bea1,12258,standard
d34d0494-ac2d-a99d-c67c-87efd73253cf,12268,standard
0f5b8e2c-7390-7cfc-cfe3-30cd04065c81,12280,standard
769d7068-7c61-838c-a325-c0ae6921f4be,12281,standard
9d120c14-96b7-ff15-e3b9-04bb354fab10,12283,standard
062e2b10-48cb-c656-015d-313712e3db4c,12284,standard
b93b8e54-ef6d-e201-4e4a-4f6a5f768331,12286,standard
7d8dd474-c146-a389-381b-37241398aa12,12287,standard
5f96c801-9251-47db-1da2-fee7313e72a8,12289,standard
23c11b00-7695-df95-b746-d6e4644bc1f2,12291,standard
e33fc312-6521-824f-584d-eda9c0eaa6f4,12298,standard
1f7a35fc-1f2c-5349-4110-c7681f29a9d5,12299,standard
55a0b0a6-d99e-3ea3-9dd5-a943149c59af,12304,standard
36464793-f5ac-d6d1-641f-6abda418067b,12305,standard
9e412c9d-0650-b153-1afb-9094b151ad75,12306,standard
0b0ddfd1-c6f7-5c81-786a-7648a8beb003,12311,standard
4a6ec74a-7f79-9eaf-b4af-8aa6b9387e62,12314,standard
243725d1-7500-4aff-f5a8-513f5b8aaa46,12315,standard
7bf4a206-44d9-6a45-5ffa-441acc790cf4,12319,standard
b8343861-7a41-5782-dda4-a33d86bbd79d,12321,standard
6b415a7e-cde9-e144-ba58-8a82f4670327,12323,standard
ae2321e6-d604-7617-7dfb-ad9cee9b14f6,12324,standard
2809cc89-3b4b-ee51-6509-36624bf8b43a,12325,standard
8c6e800b-4268-636f-98b7-df4f7d214e97,12326,standard
b2ff0a7a-addc-220e-b214-0e476d7ab8b8,12328,standard
ba51289f-95fd-948c-1595-661deb2812ef,12330,standard
12378865-1890-00c9-9364-6be0d15ed4a4,12333,standard
8b966e9c-ff6c-6a1b-2d17-24ab5b269106,12335,standard
e5f0bff6-6ab1-4f7e-ce69-f788258117a5,12336,standard
e94f499e-160d-e247-cc6f-1e06111c62e0,12337,standard
cf4fbeb8-fd17-50fd-ae6d-43f2e53f82d5,12339,standard
f95278b4-20e6-5bf9-099e-4e73a5e8b517,12345,standard
b559e8ca-3b50-aaf2-63fd-f8f24bdfb98f,12351,standard
545484cf-ae5c-812f-e299-9fc1abb51d18,12353,standard
49781137-8624-857a-2c2a-f60d70583376,12354,standard
fc977929-8a77-fac2-27f0-ce161cb0a312,12358,standard
6c784059-c17a-9f18-f807-214ef32f2f10,12359,standard
3fa4502f-8439-6eee-542f-18a9189d9439,12361,standard
2b68abef-41db-d351-83a0-614fb7222606,12366,standard
f287e1e5-7600-3a09-2852-a6fbe517f271,12374,standard
dfdd25e9-6777-406b-3c04-b8c7b406f5fc,12377,standard
c3aba2f4-c866-9cb3-5bca-24abfec109fb,12379,standard
7776fa45-250f-5218-ba9a-cb5192ccfd66,12380,standard
cf4a959b-0785-c4f2-b807-c3ef70f162c0,12381,standard
bc9bdc7f-e1be-caea-621c-c2b4985cadfb,12382,standard
0db6eaa3-829a-9993-6492-3e422e304ca0,12385,standard
40f3e49e-67a8-7d17-4621-98bf7b826399,12387,standard
69825e3f-efc9-998b-bb33-08f3b5e0b620,12393,standard
5c2ff4ed-78f5-b4d4-a5de-a412b4949aea,12398,standard
b6982dd1-54aa-8ea2-8c2e-111af64426d6,12399,standard
14d78322-a892-7986-e976-c587bee07a21,12400,standard
b9cd52cb-da21-7886-d1d6-8ccdc2f8cc94,12406,standard
30189f0d-9f0a-2d2e-8869-2706399986cc,12408,standard
61ef2a6a-aabe-ab54-d0f8-66ac6718e995,12409,standard
ea3b776d-a284-462f-e185-133afa2c02f2,12411,standard
8608e60f-76ec-abad-501c-709102f898eb,12414,standard
775fef72-e21a-c47b-e81e-5b84b629e04d,12418,standard
182c8eb9-d0e9-f504-2d68-0ac5a66bf90e,12420,standard
376e539a-f177-7e34-6725-e00704631dd7,12421,standard
62c2d900-9b3f-e922-91bb-840cbabe20f3,12426,standard
f8fb9528-e27a-5ed8-372a-f4d0e7c34015,12431,standard
8ec6f4d9-d0cc-8d52-63d6-004419b7932a,12432,standard
463fb7d6-3314-ecfb-cd35-20dbc45a2918,12435,standard
94897966-9613-006d-ebe0-07a9be86e2aa,12436,standard
9ca72c90-cddf-5b30-7d63-c5693105c746,12438,standard
adbf03f5-9cc1-3f0e-022c-06e7234ba749,12441,standard
8370e220-40f1-e697-7b68-09796f34b4d4,12442,standard
b67468b6-7793-0179-2c6e-e00e90eb93d0,12443,standard
c299cf2c-f77e-f20d-f8ee-4777347ab733,12450,standard
e7da77d1-00c7-0d26-59a9-2c2a12a4aef8,12451,standard
ab495ab2-d652-2e9e-887d-94b87c44b0af,12453,standard
9770935e-c132-06a3-10c0-fbaaa88d09b0,12456,standard
ec188c45-acbf-d8de-ecc8-85f57c28fd54,12879,standard
e0a54652-4456-864b-7595-0e8655bb6485,12882,standard
fcb1ba29-070c-100f-75d7-938180be19d3,12920,standard
58feb075-c103-8166-9d0d-4608146e55e8,12927,standard
f042b30d-c010-c257-c276-bae22c779451,12933,standard
415adfd1-678c-b80b-ff6b-2fa5c8ccdd22,12961,standard
d55c21c9-c994-81d4-a008-a77daccc5a7d,12966,standard
0dd82695-2286-db61-b835-51abdd30aefc,12969,standard
fe0717e9-61b4-b18e-7fde-174c299e3274,12972,standard
27e5a977-4b79-3ffa-acf9-339d76f3bdb0,12974,standard
77a70061-8eb3-2fc8-485c-111a02a9970d,12984,standard
08b55aae-5dd0-4d49-0077-450cf787a919,12997,standard
90766002-61e0-52c0-d99b-d23589ba5461,12999,standard
ad29b40a-ded8-acf5-3454-8ceb715b5f52,13000,standard
22257954-a629-23cd-7f8f-24414ef54c3d,13009,standard
b60b22dc-89df-ab5d-b08b-708f7bd96f21,13020,standard
420b27f2-13a3-878d-4d7e-4925ea29fbea,13021,standard
556dd378-4dde-0a31-5025-ee4cd309f0de,13031,standard
4fea8e6f-cbbc-3c1a-f2ca-74e1a5747574,13032,standard
84a1330a-6499-74f0-a48c-9985a745d743,13051,standard
822a6610-17cb-7e18-eba5-a923d7386d6c,13059,standard
98a00ec8-6420-d22a-35ea-b335a220e492,13063,standard
264824b0-d9d7-4665-d920-9e1d87cc9e7e,13068,standard
16d1b246-a0fb-ab70-8132-1343cc40df61,13069,standard
f317c4ad-3ba0-3d6d-0a7d-15234ede48ac,13071,standard
85cb3c08-3b6b-8864-8fb1-8c7e75213971,13092,standard
1ca652ba-f52f-688e-0faf-60b147095b9b,13097,standard
c9924ba6-d190-d7b3-ace5-8b3a1ca9ced1,13103,standard
36b621f5-5d56-a5a2-db49-f36261142cc4,13111,standard
55afc8da-13cf-8a54-5b28-371b51821b27,13120,standard
7f61a499-2a9f-8f23-5cd9-ed6b7516de6e,13133,standard
76082198-4abf-aba1-de91-5e5b71277ffe,13152,standard
b7eeae1a-ebf7-502d-2244-9afce502bfe2,13184,standard
37457dbc-a3be-26af-fda0-44537126ae70,13205,standard
28b33add-5383-96fb-45e5-9272edfd082b,13209,standard
78092ff9-3ce3-3493-e341-7131197c6566,13212,standard
d8a1b7fd-adb0-40b2-c098-85d530861993,13218,standard
23e710f7-5b29-3bba-2f72-13865fb0978e,13220,standard
44c54d8b-3bb1-2a6b-22a8-5496cb8b84c3,13225,standard
60c50661-a206-2bdc-8cf4-1b82cefc3d50,13234,standard
bfd9cb15-d2d2-2606-cef9-68ea6677726e,13243,standard
b856740a-e0ea-b470-47de-dcf4579de8b0,13244,standard
94b31462-80aa-ced9-9858-4fcced097b21,13253,standard
520b6b96-f2e3-626a-bb6b-eb33b0a2befb,13268,standard
b6bcf519-c041-ff66-6640-b2d9be1867e9,13270,standard
a1d4342c-ef81-92ef-b45a-a3a2de8b1c3b,13272,standard
b763ae0f-faa4-472f-f832-c256c0e79ffd,13275,standard
a311fedd-9f5b-4178-882d-2ead4aa6b058,13300,standard
4eff7787-5e10-2c20-129a-70f3abb03d06,13306,standard
42072c95-2cbe-00f2-7be7-6a6b652a5f19,13317,standard
70d3fdda-5a9f-f995-e6bd-d5acf52ca203,13336,standard
ec6b7f48-e4c0-ae1b-1673-578d7a04afd8,13350,standard
61071125-f5ee-6fa8-509b-ed1b2fbb3171,13354,standard
1ab165a1-072c-f16e-f7ce-30722086b972,13355,standard
13b8b253-5bf2-e125-2ac6-1f7759ccb7e5,13360,standard
bb7a0d1b-e219-04a5-e0df-0ff5eaeabce7,13368,standard
02259579-6fb9-bd2c-a6d9-7a40c2f5a847,13373,standard
d337d795-3c9c-f12c-5205-3d318aed7f05,13381,standard
8a88a85e-63d1-36f9-983a-a81cd56233b3,13386,standard
e6944862-a347-413d-7809-aab248df0a5a,13391,standard
33bebf74-50fc-591f-5c1d-4364268c5191,13394,standard
f880d97d-1854-e551-7f9a-82a1ed19f887,13402,standard
54d2248c-344f-fe83-c8ac-56392467375e,13403,standard
5c43f635-6b9f-2c93-2430-a84a40403a2b,13405,standard
300102b3-57ba-8696-16d1-f9fd400b8cb0,13409,standard
ba609a8a-3d76-6f7a-b514-0d943f19679b,13439,standard
f0aa23af-5622-1de3-0bfe-84109c5097ea,13460,standard
9c8811af-c48f-a059-a5e1-a56d5f6f1a13,13478,standard
2d6ee231-24df-f640-dcbf-7d870fcace83,13507,standard
718fe4da-6e05-e3ec-1024-cc6bd9cf937e,13517,standard
522b9f1a-21fe-c043-459c-06abc75faa83,13518,standard
1dcd5cd2-d86a-6e08-93a8-975c85e2adb7,13519,standard
b5e94ec9-c4a7-5a9a-a5f0-52355689e724,13521,standard
3a4e2c4c-6502-c693-f517-398f9c419b16,13522,standard
c43e432c-646d-f485-0ddc-2c2dff526901,13524,standard
df122bd8-9e96-9d7a-7d66-39fb794a85d3,13525,standard
9f1ca0db-d66f-8215-8b6c-f34a511c58e4,13526,standard
82ab6185-9687-34f2-172e-1ee498f81f80,13527,standard
7ee6db3e-fc24-9bd8-aa28-4f7d89e0cc49,13528,standard
b1095a28-d73e-1a3d-66bb-46c8fd2a85fe,13529,standard
62d0a2ce-696b-0e16-2b5d-fde4745f1b3c,13530,standard
e0fc66c4-0bd0-f7fd-73e0-9d7886571ddb,13531,standard
97620397-fec9-3480-738a-72c61bb68e54,13532,standard
ebdace28-eff8-6cea-1e52-e8ed20d26793,13535,standard
2cd2f93d-ea43-5b4f-8000-4cd0ae02babb,13537,standard
752b5ccd-4e49-9629-6482-9a5513cc5332,13538,standard
40c119e0-0243-b215-b513-97efcc44fe1a,13539,standard
38788e48-59c3-9f5f-ab2f-914c1b203166,13542,standard
6d63da49-2598-a19d-0662-79ca2c52c981,13543,standard
5604d4ce-1788-42c7-fbbc-7244ab75ad49,13546,standard
772644e7-a63c-8d6f-d1d9-7712f8b48223,13547,standard
798f8ea0-e612-893e-dbb4-891a0cbd817c,13548,standard
23b61c66-7b41-39d9-108a-ffee3dd4aeda,13550,standard
b21cd602-237d-7cf2-07c6-87378f0b53a2,13554,standard
0c6047f6-0f70-6635-8aca-a381808d7c6d,13556,standard
019800cd-eb27-a2ab-8bd0-d9fb3319726c,13557,standard
566c1496-85db-c908-d072-0223d271c6b8,13559,standard
3d0d5ac4-e020-f96a-874a-2a3dae8d70e3,13560,standard
0062d124-7dfa-74ee-5f1c-076723d4d32a,13561,standard
3f27bc0c-1dd4-497b-8a46-37fc21bb411d,13562,standard
cc460c2c-3637-9978-7763-fff21bb55182,13564,standard
a05a31b3-3718-761e-9db4-8e040d9bab45,13566,standard
a5c98426-9f68-793e-5634-a8b2610ec605,13567,standard
ef5a0bb8-e778-a83f-64d2-80bbdbcd9583,13568,standard
c7ec30f0-81d0-7fba-8645-76e9b7b3a309,13573,standard
82cf0482-29ba-27a8-ace8-819ceabfaf0b,13574,standard
26c16bd7-d15b-ebc7-d554-1b401afe78f4,13575,standard
2c689230-35d7-2c5a-f509-6383a08bb559,13576,standard
57341200-4c22-0031-33af-36756096be9c,13578,standard
216200fb-6d7f-b1fe-24cb-0a916e4d0f12,13579,standard
4c9ea096-cc38-ae77-504d-fe8065ed8a6f,13580,standard
1996cb53-8ffd-8f3e-196c-ab62cfbec85e,13581,standard
870283a9-48d2-5234-45ba-266d79081a40,13583,standard
47a4f51a-fca4-9736-7d29-ee23c3ee458a,13585,standard
233aac1a-b3fd-a49b-6bb1-3f3b3aa67e24,13586,standard
1a9e9776-a881-bbac-8c0a-54efb2f554ec,13587,standard
c073ae94-8d3d-d546-9a19-c1b007d66403,13590,standard
6437957c-31c0-8386-365b-eca333b727b4,13591,standard
235a690e-a524-b7e0-0a02-af7d946ca71f,13592,standard
4333e7da-be00-bc3e-0604-feb7a01c5760,13593,standard
8a2872b7-79a3-7667-b8c9-1e65b3e073d9,13594,standard
dc7b2b24-c5b0-61bc-bc8c-63ab0c3c1117,13595,standard
24fbc413-d5e1-bcb0-397a-e62ad2b57d6f,13596,standard
b06485a6-09c5-771f-5002-4fef991cef1f,13598,standard
23f26e68-1bbc-69a4-ff44-bab932257fb6,13599,standard
eabea608-8b56-0730-b1a1-7983a2c64f75,13600,standard
179fc984-f4b0-d259-c34c-11d32fbcecb6,13601,standard
de4052e0-e636-d179-afcf-b0cffa5ca62c,13602,standard
f680a5b0-4ab3-11a8-a12c-085b76c0efdf,13603,standard
5306ea3b-d2f9-526a-2855-507c35783c24,13605,standard
d98c791a-46ff-e1b1-d1eb-c497b370814d,13606,standard
114995f4-91a5-94ec-84b5-21cfe7077d0d,13607,standard
aaf2cf35-6a5b-5bb0-e5e6-4e9269a5d670,13608,standard
4c239173-7492-728a-08a0-9862b870178c,13609,standard
a2eeb01f-1f3d-a02b-dcb1-b267a8c4ef3a,13612,standard
f1bc6a0e-45b1-92fe-bbf8-f9e1b3caec10,13614,standard
6b288541-36e2-87de-0408-1286e91577e4,13616,standard
ba5730a7-89bb-255c-42f0-18cd554defa9,13617,standard
bf6a0b40-8684-5422-97f1-c632647479f0,13618,standard
6e02164d-337f-0816-e44d-b9e3ec7e97b9,13619,standard
2bba569f-b17b-fddb-20f5-e95ec5adae13,13620,standard
df16ffa3-729a-8676-dfdd-2e7ec946cec7,13625,standard
620312ec-5889-9d8c-f872-22d3745b1304,13626,standard
9d7af542-412c-1543-9cd8-fe4c79266c53,13627,standard
71e7b0c6-79e2-0e25-94b0-5be930db5af5,13628,standard
d99bbc75-7827-39e5-c15b-6914312f7401,13629,standard
121dbecc-4f38-e0a4-5677-2f2792c45118,13631,standard
a0542e05-9ae6-15fc-5e95-79f12ba0f62d,13634,standard
c4bf038d-38e5-822f-78a9-fe3adc349ceb,13636,standard
93af6747-a89f-8e61-a76e-8f4d9d9dc69d,13637,standard
ef20c4f3-aea1-8d53-20ca-5ac3e285283f,13638,standard
8908fdf7-3512-03ff-de81-0c0e4ecd5703,13640,standard
191d950b-4c96-8ccb-d2c1-6af2d63ca326,13641,standard
076fb58d-ded5-ed22-c9f8-ec02033b6e98,13643,standard
0efe0d69-5026-34f7-fdc3-b31732aa009f,13644,standard
cada1f6a-4182-ba9d-888a-4b0551a5cacd,13651,standard
d29883fc-57c4-581c-aa1f-c131b9617596,13652,standard
787bd7c3-6b5a-a616-126e-5b0870c92f29,13653,standard
485a2da0-04ac-6e05-b630-fafbd55fb30d,13655,standard
36553043-21c1-33c8-9300-eb37946d8d08,13663,standard
c56c793f-9b5b-e13f-298b-032326893d9b,13665,standard
a217014f-109a-232e-b899-8c55602dfa8c,13668,standard
47784f4d-ea14-317b-727c-24c19693b57d,13669,standard
7a92bb16-7eda-e2a9-150f-167ba525d10f,13670,standard
3cd1adc2-ea76-faca-c9d8-ca21cd00651c,13671,standard
d958a0c4-4c9f-e52d-909d-e88c26b9b7a1,13673,standard
3a25bea8-ed0b-dd25-db32-d616f6fc5eda,13675,standard
ec3d0f30-b421-e771-9e48-6ffc33f220a7,13676,standard
9da316a1-9760-ef21-55bc-65bbdfd2896d,13677,standard
682175f0-8623-c908-6453-b13cb3c5268d,13678,standard
8fa86b05-368b-04ff-a4e3-35c43c140b3d,13681,standard
3fd9cf17-aa67-892b-42f0-14cd0fd8547e,13682,standard
bb6fac23-9f17-71ac-f176-c06a236b4e8a,13684,standard
1e90ffe0-6fa5-4eb0-d311-9fee6428325e,13685,standard
651f95c3-644d-9ee8-74ae-5daef86f1a8e,13686,standard
48ea698c-6142-f819-f607-6043798a1705,13688,standard
0e11eb61-395d-2bc5-3d98-8ce437119ede,13690,standard
e2d93428-d142-481d-865e-b1c08858a9ef,13691,standard
8b24f43a-f215-7eae-9a58-1f07172b2828,13692,standard
63224d94-0dc7-6925-00ea-cc9cacad6e51,13693,standard
3b3e16e5-66ca-8170-6e3c-3663b5019071,13695,standard
5d4ce1fb-19d9-b2df-45d4-90e183c216d1,13696,standard
f129b667-8519-d3e8-5c78-c95982a2906e,13697,standard
11fe86c4-94b4-a52f-7e25-d4d7c84ee3d2,13699,standard
b3daa8fa-bc0a-9d17-75cf-6475b46f38ff,13702,standard
0784ec87-0656-ee54-4797-dc72389c6a9f,13703,standard
a61e780d-211b-8e15-0ab0-12f37a8159ee,13704,standard
3dc1f524-5259-942b-34dc-b577244bc589,13707,standard
25156549-9da1-7a37-0c6f-e7bf89a652fd,13709,standard
c31410b6-f151-58ab-4b99-91a9a5780fe8,13711,standard
8a76ba4a-8ed6-25f6-a438-76241a223d87,13714,standard
22ea7b48-ab86-7678-ada6-5998162b7c71,13715,standard
08ad173b-23e1-cb33-b50e-eebe6ff8cad8,13716,standard
44afcdc8-a918-384a-82ef-b52c4f7f18f6,13718,standard
8e695dc0-f1c4-75d7-0c0a-97b37924e06f,13719,standard
afb36e73-570e-aa71-c385-e4c55aece4ea,13721,standard
5c0c0310-9b21-14fd-18ea-272aec2e4351,13723,standard
591da769-c8c1-b3c7-9bec-a1db1b6734b2,13725,standard
f0c66f8a-f28e-3de2-cb86-16c15d089bef,13727,standard
7a697177-ce0e-162c-4689-d4aca2c85b80,13728,standard
99a7746f-8263-b35f-4873-ad2fe55d1080,13730,standard
0b580937-068c-4239-2659-ac8cf79dfc31,13731,standard
a21b1017-d678-feef-6f1e-61685723f36e,13732,standard
f997649c-ac26-8b47-5974-7fe0021a95ef,13733,standard
0cfa6a78-b720-408d-88d5-65a2ffca8b85,13735,standard
b0be0738-13a4-7808-a98a-2393dcb649f4,13737,standard
c524d872-9c0f-edd8-81b1-ea7a8a5252c3,13740,standard
3d68062c-6b5e-860c-6db9-9ec06f7fc466,13741,standard
9d1c48ce-299f-dd29-2e8e-edf8ca6398e8,13743,standard
c2886bbf-97d3-b337-0411-eff80b841a23,13746,standard
5a626cc3-d3be-d6a7-b82f-0e79f76a98c5,13748,standard
0516fa55-4b75-89e0-2e70-9db3ac544c13,13749,standard
f7e77021-0a4b-4cff-de99-abf3e78384bc,13751,standard
ef07c626-c9bf-2099-90e0-36103f231ca6,13752,standard
1034e268-6720-a86b-3836-d1c2e50af011,13753,standard
edea66b9-1c61-518d-5c33-609de8bfce49,13754,standard
3e1d8a1e-114e-2488-e9a5-6f4198d1ae7b,13756,standard
1a5a9fbb-309e-97e4-8cd7-11373bbd38cd,13757,standard
147a7953-67c2-44e6-b131-968c019b949c,13759,standard
94fe3fa0-47f0-d6bd-da56-bb51800d197e,13760,standard
868bf690-0d6b-f838-38a3-e68ba6d221a1,13761,standard
ebc4e101-871a-08f0-ff0c-e6478476dd62,13762,standard
c86672d1-ea31-37d5-6d54-d1aa67345a98,13763,standard
212eeba1-6d48-b175-27a0-7bb2206adec3,13764,standard
0d840e3e-5f70-0fd6-bc36-b24675b5d857,13765,standard
2ec59967-9265-3005-f549-32ddf943e77c,13766,standard
f22e6f14-70a2-d218-d16b-b5c48433268b,13767,standard
d2426e92-f374-91a2-9968-078e6ffde611,13768,standard
72288559-a5c6-c1c0-de55-b877cc95aff9,13769,standard
fda3ff5f-9832-7512-7edf-a7be299291ff,13770,standard
25482047-59d8-2aaa-da4b-25cd20b9e029,13771,standard
2fe9f945-b486-7fe2-4056-0a0805e57a2d,13773,standard
69852d6d-a349-55ea-26a4-53a7fa3a9a8d,13775,standard
fb193b2e-401a-e4fd-a155-24e791dcc3a2,13777,standard
302951b2-76e4-a7ed-7854-2470713fe323,13778,standard
c65adf39-44f8-6478-6f74-328f6c4901f9,13779,standard
a1e91aec-c02c-24ea-5a6c-32a0382855f5,13780,standard
6508b236-d23e-1f18-080a-8004f3d431d9,13784,standard
6d30d599-0724-d586-d5f3-48cc9f1d4d08,13785,standard
062c215e-d709-f000-ee67-72f44d6013aa,13787,standard
7a2ea586-8c3f-f8f0-e8f7-8a59f903f776,13789,standard
4543a6e4-afb6-4ee2-42fd-f9fe91a4b4dc,13791,standard
74fffd6f-b64d-e554-7761-ff523f43c29b,13797,standard
9e605a40-d8d8-e75e-859e-df2a5d734e49,13798,standard
3f09d99c-a9d4-54e9-e84c-275a76338d65,13799,standard
28d6a64d-88e1-8a1a-d8fb-f4fa8e5c3cef,13800,standard
ef97204a-f3c3-acdd-49c0-c9b675fbb3ca,13804,standard
1c17b2a0-6b79-5aa8-5c94-b0f2c13ab816,13805,standard
3ee57eaf-e5d9-4001-af3e-849281605e4f,13806,standard
a8fd4bf8-a72f-9590-f85e-6e8abf3c9ed1,13807,standard
6ec27243-1dfe-c06b-6307-b530f5768493,13808,standard
8572f656-9fcd-513c-7622-55d699167bfa,13809,standard
bded7fc8-f694-19fc-1714-53c87461ffe3,13810,standard
73da16b2-63fb-e7ee-d541-3f54f7ac40cc,13811,standard
b61b7952-c406-70f8-f105-39379dc55548,13813,standard
e9cc4e7f-5cdc-cc2e-bd37-088bb2347b5b,13814,standard
2a62df9e-594a-de28-8e98-d133cc57dac7,13817,standard
e5765361-aa21-3d1c-3bc1-d4db259b9aa1,13818,standard
737ea288-6893-926f-2c84-8b80a634bfc8,13819,standard
b8d7b027-fce8-d355-b553-23dc7fb46845,13820,standard
4393d208-6831-20b0-2c32-206ccedd78ff,13823,standard
ea9c9ed2-9201-f39e-5006-1e27e965d454,13824,standard
b6e1ef92-a597-8a81-4c97-c44c67a8f718,13826,standard
43b8904b-e572-d472-f83d-0d83c8989259,13827,standard
02f2f585-aadb-7166-5044-385fab991787,13828,standard
34c04c31-0a4f-618b-97a2-2fb6669ce3a4,13833,standard
02bc4161-1d43-49d5-19f1-a2437469026f,13834,standard
52907123-5cc9-933b-d64a-11faf138f3a9,13836,standard
67f0e258-bbb0-69c1-511b-7a329ae21e9f,13837,standard
ecc11158-d561-1639-bf66-107b2dbac286,13839,standard
86e1b5ca-1498-4ae2-c86a-fdde535dc1d4,13840,standard
9eb99cb3-66ff-e372-7aee-d397998a9b1b,13841,standard
e2945106-71d6-7bbb-3c40-5788eb4af358,13842,standard
5835b564-04b8-7ecf-9a6e-e972182dcef9,13843,standard
23d6da7c-7e53-c255-4d91-1afa07c6ed04,13844,standard
0268ab7e-0d1e-c101-b508-8142b6d37026,13846,standard
a6c02ca9-7a78-d416-67e2-4b7e546f3534,13848,standard
0146284f-f878-6bb1-9d08-1501e5c7d796,13849,standard
e8139cb4-a38d-a98c-7b6f-5640e00688bf,13851,standard
bdaaf8a5-3913-5793-341d-362093394f4f,13854,standard
557f9287-2a7a-ff3e-53dc-f9b59cbd9a88,13855,standard
642e1282-d487-aaa4-c7ed-b70a4d9e7c19,13856,standard
7c5b580c-b9e8-625d-991a-38209170ae1a,13859,standard
15fcb866-4785-f98f-c33e-b78577231cc8,13860,standard
5df21ad4-92bb-e3ed-36ac-605680f215e0,13861,standard
5f2c9ed8-d86d-ec35-5c97-79fe3de2c0a7,13862,standard
e50c976b-2e63-9053-cd23-4c98fb2cb2bd,13863,standard
a619909e-cfb5-bbab-8a03-c75e3dfe7198,13864,standard
35a304ea-3997-1b17-9fe5-4960b8ca8253,13865,standard
65defce7-3cf7-1085-77eb-3e959601f762,13868,standard
341aaa9b-9662-906b-440a-9a42dce25ca6,13869,standard
0066212b-2960-91d9-dcf7-fd6982c5149b,13870,standard
bd5f601c-7913-2aa7-c462-18ed67de8d2e,13871,standard
ad48da01-2e0c-ba8c-a63d-f2775c9dde2d,13872,standard
9b6ee68e-b341-b169-ba04-7f1732bb0ecf,13874,standard
7c075906-d80d-7a39-2ea4-988becc9bafa,13875,standard
bbf8694a-ca7f-0032-01b2-b9659d7de643,13876,standard
fe472cad-35c1-1e87-eaec-982c2233746c,13877,standard
9f04d707-005e-fedc-37a1-c4b0b427dbef,13878,standard
a3791f23-c760-68cf-74db-9775157bd7e9,13883,standard
45e1f87d-2f54-ad92-bdbc-c369326a09bc,13884,standard
0591b9c1-d63a-0219-9de9-6659653bf826,13888,standard
1da713b6-e0a2-79b5-5c0d-9e1402a9a6fa,13890,standard
5d73b377-922e-ed65-0921-fa874e0abf27,13891,standard
137d23fc-1f27-d6f4-6164-9ba478fc4de0,13892,standard
2494c0bd-2d04-67c8-7677-a749f554e4c3,13893,standard
c53406db-e103-4ada-e13b-4ba8ce108368,13895,standard
a40837a9-f5ce-a353-e90e-2383743444ab,13896,standard
debca2b6-25d5-46d9-4455-51ad1018f3f9,13897,standard
e96e6c26-1320-4e99-89a9-eeb87bd73ac6,13899,standard
b51c992c-86cd-cc55-e58a-3ec4cecc130d,13900,standard
ea706464-4956-f026-4ad7-ce3bcc836b05,13901,standard
8f6f3744-e3ec-43da-8c05-87ae06f7be20,13902,standard
e947ab72-6ac0-7e18-13ea-77a9355994ca,13903,standard
4ee3a07d-963b-e8a0-2fb3-b726202b1113,13907,standard
db732261-32b4-8cd8-ecd2-97ea76c47262,13908,standard
7592a6af-5672-b6bc-b242-ae020a04f8e9,13909,standard
fba80ccb-276a-2f53-0ffc-6ac7c89521f5,13910,standard
59d6c06d-9e5e-a86b-da7c-99fe3a770d14,13911,standard
b305b290-cdeb-1a40-4e82-7e42a2943a50,13912,standard
30becf89-d98d-5a3d-1bac-be2ea5218666,13913,standard
38ebbccb-ec0a-a1f2-d064-944c27c71e63,13914,standard
45d1f9a5-1e75-6385-52bc-680d07609a22,13916,standard
1257907e-c668-12c2-5f7d-80261a869f29,13917,standard
da0f969a-ebe1-97db-cf67-ceec812edc00,13920,standard
b7b4ea19-f3c6-0ca9-f523-ae25f9908c04,13923,standard
219996a1-59f1-d4ea-22bb-da219d377ed8,13924,standard
be3cf097-bb8a-97e9-6c77-e980f506ccfd,13925,standard
c2ce6cda-8d9a-6507-4f6b-af2a322d4735,13926,standard
57289f7b-0478-d0d6-c097-5c4e05351189,13928,standard
12d89530-b829-6a21-264d-3c06a388c609,13929,standard
0c3fd390-c0d3-67af-8b52-bf71dc70e0e3,13930,standard
7e452602-bcec-bca4-f8cc-0a3c230b50ca,13931,standard
5ba8167c-ad44-58ce-6acd-0a14fb3011a1,13932,standard
4c0c5d80-4b80-4d47-a9a5-235a7b0a7409,13935,standard
2687d0f8-a017-f11b-e3f9-19bb104ed612,13936,standard
01c48e86-1d68-0149-bd33-df33f638695f,13938,standard
2489daf6-e5d1-edf8-1709-f73fd223fc00,13939,standard
b6584a39-d889-d1fd-e3dd-a2ec5a2d1bd0,13940,standard
c6adc359-4cf7-ccf3-f2d2-301227e072f8,13945,standard
ec07c5c8-e127-131f-adaa-6a0791025e09,13946,standard
fdfb0286-16dc-f265-210a-e8a1892739f6,13947,standard
b9df408c-9254-308a-3a8b-f62cee0dbdfe,13948,standard
ce178561-3ad3-48b6-bedd-ac2bc7670229,13949,standard
e003aaba-1717-de92-fd2a-6c6355b52be1,13951,standard
35c3a3d5-6fe2-ebca-aad5-45312fcf0044,13953,standard
09965c8f-a822-9633-a644-05c8693a8b7d,13955,standard
6ddfdb07-558b-f786-f888-7494d5659b21,13957,standard
8f6c8f9f-a734-c677-7f57-e038ecedcdd1,13959,standard
86eb4b6a-2f4d-6760-ec9e-07c2584765a6,13960,standard
dce17831-a822-70f6-1e1a-2e93f4bca0cf,13961,standard
f39f40cb-af42-0c8a-2010-a6e40affb03b,13963,standard
c41651ec-6bca-a775-2517-246c60c20ad3,13964,standard
a22bce35-391f-d8e4-bccd-55ecc3fb572e,13966,standard
b3807a56-8a4f-81fb-9d89-913c44afa9ac,13968,standard
83b23370-160b-1bf2-1fb8-a232e79453ba,13970,standard
9e766299-b873-b162-9207-30fcd583d933,13974,standard
fafcd04d-a967-9eec-32e1-3afb2d63a41a,13975,standard
1283454d-b5ad-d88f-acb7-d00b9f02873d,13976,standard
211ac318-504d-64b9-f250-3cae8980d2e9,13977,standard
ad8686db-3cdd-ce3f-3cbd-812380a9eba7,13978,standard
74b8c953-67f5-4e95-ac58-095274901328,13979,standard
0c39107e-3b68-df1f-504a-5c7f1b4f89c5,13982,standard
04ab91b4-64c7-779c-1b62-2eef58291bf2,13983,standard
cfa8f8f4-bf2b-93ac-1df8-23799032af68,13986,standard
3d971c19-8dff-fea8-5a6b-57de42529a52,13987,standard
0b20853c-3a06-8458-6c4f-3066567a55f5,13988,standard
217a0e9c-f5b6-65c7-2ad7-92c423cb6d83,13992,standard
f0af5381-d4b2-6c71-ba6f-87d7eeac1c4f,13993,standard
fe3ab67b-26a8-6f4f-6451-03872bea7a08,13994,standard
c38dca49-4ceb-1d22-a518-5dff1ab59e90,13996,standard
1c48486f-01e4-cd9d-76a9-abc76d1e5805,13997,standard
18926fdd-b071-be2d-0060-51896c10554e,13998,standard
6f132ba0-309b-4772-0868-6952d57efb05,13999,standard
db66d4ae-cb81-daee-3154-41d700768445,14001,standard
d8f5d0cb-504e-ca84-d18e-a87f6153559e,14002,standard
da6a0f02-44b4-2865-2ca4-872227964ddf,14003,standard
91cfb242-41c5-1766-cf50-d3d84429a40d,14005,standard
f2560d0a-8478-838b-f70c-55df3b99d60c,14006,standard
9020139d-4f19-272b-4f35-de4fd0306503,14007,standard
dd346e90-7bca-f976-7f9a-303b6a94b339,14009,standard
4b6862b9-c438-6dfc-62e6-1ad4d7a00eda,14010,standard
a71d226c-2c56-a0ee-64be-9726fc430932,14011,standard
ca5b3844-4b6a-a19c-6ba3-2648ce3284e9,14012,standard
6cbd8cd5-86f1-33c4-75f7-dc6e9398bc43,14013,standard
8a0ae785-5265-5062-b056-067b9321b135,14015,standard
41651618-0204-2eb3-9034-0be2126f949f,14016,standard
95025537-e2ee-88eb-699a-67eced6ef3c9,14019,standard
e46f92f0-16fc-0fa6-b961-8b5f75c4791a,14020,standard
8a837e32-806e-3635-d93d-c36dd68f7e3c,14021,standard
4744eeaf-a392-eaae-8619-1a337863ff84,14023,standard
5eba60d9-37f2-3de8-f732-dc012859430c,14024,standard
38d11573-bc0e-4a91-1b29-cde4d0932bbc,14027,standard
2041b176-6ef0-48b8-3607-8ed0fbd78e09,14029,standard
30e93d98-e399-4c51-82b5-7a8ff8c1cb5c,14031,standard
d0013352-e463-5b9d-63d2-b80381f2b2d8,14033,standard
4ed52ce6-1201-cab4-dda0-8dd0299f12ba,14034,standard
c0f368af-2433-411f-74aa-b072d06924de,14036,standard
5fa48d17-bca7-23b0-17a9-079b83f211da,14038,standard
e5f6dab9-3856-ff4b-2f9f-fa05ade79d91,14041,standard
6f9d76d7-0ae6-4af2-8d89-aa67c9761a6c,14042,standard
643a3daa-e5ce-e1f5-0805-05c78fdea0bc,14044,standard
3b9e1ab1-4d74-aca6-c3b2-21888be18456,14047,standard
6605787b-ba14-e3fd-2954-de9cff4b15a0,14048,standard
dd16dca0-e567-d16b-38b7-f8fbcaa05af0,14049,standard
fbb8b577-92f4-bc93-3355-0982ef5a3c7c,14050,standard
e55f12e1-807c-22f6-3a98-91d6d30c57d7,14051,standard
9b04acb1-4737-a088-8d22-0658414bdda1,14052,standard
a55f6ce7-068a-0c5e-2883-de5f4304612e,14054,standard
8315d249-6678-6d55-f581-3b6f9eb48e86,14057,standard
0e4f3036-0d14-afd9-b7a8-87f5e90a9fa6,14059,standard
8de61c06-31e8-b483-7d98-608bc874b369,14060,standard
bb875a91-4ae5-ff6f-f050-5ad952e9cd6c,14061,standard
0bdf029e-a55a-544c-e7c9-9d0ff51239a5,14063,standard
72673af9-2f2b-5a9a-55dc-552777ab63b9,14064,standard
41f41550-5e0e-9de7-352d-62110c338a27,14065,standard
43a7d86b-71c5-da10-be62-ef6cf95ca694,14066,standard
400a55f7-e162-2fd1-80a0-4f2facea7cec,14067,standard
02e13718-5227-fc28-b838-04dd0c2c67f2,14068,standard
2ef7e0b5-39e4-541b-a72a-c7186afa7f5c,14069,standard
7b16c860-ae76-addf-b093-4e28620b3712,14070,standard
ffee928e-b1c0-a7ae-6c07-87a22279e97f,14072,standard
f92a955b-a83f-bd5d-12ed-7f6e4beeac60,14073,standard
0df68696-ca11-c673-c35a-584b2c75ff15,14074,standard
10fb3f2e-d516-f21c-e5f0-fe496b52fdd6,14075,standard
272cf378-94cd-c7ad-881a-92abf7b136b8,14078,standard
36c6b770-5db9-9d6b-07c7-31f60570d864,14080,standard
90e6b677-a6ee-6bdf-ae0f-c9bdf9d4655a,14081,standard
6e408d23-79e7-f85c-89e6-adfac2305be4,14082,standard
c60a94e2-e82f-2f4f-ab80-0a28f0c55214,14083,standard
546e8e43-96f7-a994-b028-d9fe9cd7ad32,14084,standard
13b5f0f0-01de-1bbb-d6ff-ad121a65c852,14086,standard
87a68b60-b881-ae1a-05ef-4fe1349699fa,14088,standard
d4602089-c50e-1954-f566-b24fd8e7469a,14091,standard
27a8f1c9-07cd-bdd3-86ed-4a92e3117845,14092,standard
1eb214f9-415a-1bee-4b99-9c1107519d9b,14093,standard
051317ae-9603-a5f9-a4ac-0f1604a1ea8b,14097,standard
467b7e0f-e61e-f097-5995-aa2aedff1ed3,14098,standard
e752cf76-aa06-68a6-6318-9eae1b37c75a,14099,standard
2ff6d376-a84a-ce3c-a270-bb99abc9b7de,14100,standard
37bea765-3c87-be6e-0248-f5fc695d9800,14101,standard
9e473c9e-e755-8e66-29bc-fc80e2dd8f40,14102,standard
de63812f-8b31-6d96-6f96-c23bb769cc5c,14106,standard
1a267522-46d0-5a30-932a-0a12086f7fd2,14109,standard
0c1363d7-3e21-9bbe-95e9-43133d56c1d3,14110,standard
3c86c1b8-ab04-97e2-d1a6-08e5374d40a3,14111,standard
9fd681b5-2d0b-415e-d304-f19fae0d1e48,14113,standard
2badc894-0024-7627-d028-fbc0e6ddf228,14114,standard
3338621a-9540-500b-1f93-b541f4a4955e,14115,standard
5485c9e4-4811-052a-3de6-86e5a531739e,14782,standard
a5b56ce5-e05b-d41a-155e-d4cfb0ff376c,14783,standard
91eec618-21bc-6e47-a256-23f6348f5610,14784,standard
fd2ca1e6-3fd0-467c-f56a-1a80c9b1ae5f,14787,standard
b1242b37-7dec-31ff-5c1b-d8401b043dbb,14790,standard
630d1837-36a7-c990-35c6-2ac72fd3c349,14791,standard
3a8c2611-15a2-8c61-00c7-90aa48a130f1,14792,standard
4e539311-90ba-8761-fe85-ac1cd1a56741,14797,standard
8aae66c8-4ac1-7fdb-5f1e-0187a73d689b,14798,standard
4ff83f0b-f604-868a-f222-8180c6749710,14803,standard
c3dfb3e3-0adf-ec34-a9a0-88e4ffe61673,14804,standard
feda8bec-16eb-9f11-f9bd-a3804f7c0ee1,14810,standard
23dcbb62-a852-c13d-8040-2b6f798cd596,14826,standard
497d3418-5ac0-362b-9106-f4eb9bb63680,14833,standard
6c1af0ca-9fae-de81-e831-7ff5f6adde3b,14835,standard
e333f7fa-6cf1-6ac9-9861-8cc2ff249685,14840,standard
f3a7a81d-1965-5597-d014-2891a5112fd2,14843,standard
9ac80604-a57c-6c6f-2fc2-2501892a9b5f,14844,standard
a280335a-9fce-d263-ec53-da713b9fbe76,14846,standard
14c5a060-7623-7831-1083-3c4021dbac0c,14847,standard
0791edc9-7ad4-ca94-24a5-feab9b690d7e,14850,standard
7abf03d5-30b0-51ae-602b-1f4e26c243a8,14851,standard
229c31f1-a6ec-5d8c-85d3-d8175ffde109,14852,standard
1ab5b6cf-3368-d19b-f100-7afd6ed81125,14853,standard
6fe658e2-4efc-3f24-574f-15ff5682adc8,14859,standard
42436053-96ca-da02-3f4d-f7ed233b9d70,14861,standard
ec9e159b-5355-d81d-ce14-033978937a86,14866,standard
d414f5dc-e9f6-0c6f-baea-023e006876a3,14868,standard
35000895-1d78-c18a-01ed-f7410b9c0581,14869,standard
71378e12-ca10-7fd9-0e79-eb054b3398be,14870,standard
3900b4ad-c256-9c78-8098-2791efc002d0,14871,standard
13b2a2de-d6da-9158-3e0c-906c34d1233a,14872,standard
63022f57-1cbb-f78d-06e6-1f85084fa099,14874,standard
efe92255-9034-d554-6a70-3cc91c9e5f0d,14879,standard
83adb39b-a071-6c18-6c8e-ad6397f63cbd,14880,standard
e1043f02-c094-6156-063c-8dd2f2b3e9a3,14883,standard
1fc4d328-2c45-01f3-06d3-ff75be672eef,14890,standard
332d65ba-eb3f-b6ec-dfec-7d23e914104e,14891,standard
e5e58eff-14ac-73fc-39fd-b812d40ac764,14892,standard
eb1dc0ee-84f9-0d2a-4772-d356b6c88ed8,14894,standard
1d07870e-4490-4b2f-e8c9-134e897f381f,14899,standard
2e9e0266-ce83-d4f9-fb2a-a587c5e25637,14901,standard
3271aefb-4d4d-739c-98a6-e64fc508bb89,14904,standard
2d3224ab-161f-4c69-9bb2-0a9dbc7ab15f,14906,standard
e9bfedae-07cd-5eba-f7ea-76c5ae3de98c,14907,standard
e7d585e2-1ab1-c663-ab07-45fe019280af,14908,standard
75ca8d3a-fbd7-d8e7-cd21-3a41a71d5535,14911,standard
e4beae2e-a4f8-cbd8-0481-f06c77b30256,14916,standard
e579a59e-d762-a8e7-00ad-be0d9615b85a,14918,standard
b36628a7-d15e-84e5-3a22-96f4f83a1526,14923,standard
3d86ccee-1266-8515-ac17-129754e56829,14929,standard
c85e348a-476c-52e4-b1b4-ff82e4a8836f,14933,standard
1dbbbb0e-dd71-899d-f9bb-0b88c237556f,14936,standard
1599fb91-31a7-d505-f5e3-f2862b05c168,14941,standard
46e319d2-d81a-b937-fdd0-68536c2fd68e,14942,standard
1de58e5c-fe30-bad1-7ef0-72cfda185ffa,14946,standard
2575657f-9f74-1d28-9890-e9e645e871a4,14947,standard
3811ed15-6068-d652-52e7-1368df7ccf89,14948,standard
3291936f-397e-2988-fea9-41c296449b79,14949,standard
1ce85ce1-7155-d602-7d92-664fdb4fc364,14951,standard
df0f0473-a7ec-49c9-648f-b33a7c7b906b,14952,standard
0f56cb87-d016-e0e9-b6fc-5fc651b21585,14954,standard
7586fd51-6df6-a20e-0abb-80e67590c875,14955,standard
f2f6e8b4-aab1-b4d5-f374-27ebb9c6dcdd,14956,standard
3d310326-dffc-29ca-b11b-8d5ab5ad1537,14957,standard
8da4fde0-6856-a7c0-8d81-18b0cf2144d2,14958,standard
e3366088-dd1d-fed4-c04a-1bcca4d14de8,14963,standard
cfa8fd9b-a8c2-9379-c816-a94b0e42b253,14965,standard
44cc58cd-6734-2fa0-f796-81b387076945,14966,standard
4d9cf9f6-49c4-745c-7360-1b1a1e79c4de,14979,standard
6b883089-e262-2659-f310-a249bfff13c7,14983,standard
ad4123b6-c126-2ec3-3d4f-e4c3fc94491f,14985,standard
c3ec2e98-d37d-2f57-d0d9-fee8e152b665,14988,standard
3e43787d-b0bd-5368-e177-eff62a332bab,14989,standard
07670ef3-c085-2376-1e4d-4676de803c60,14993,standard
20c2a8b3-b335-e862-8918-8e3846c77572,14999,standard
950cefb9-6ec0-7212-e14e-77d863cda91a,15001,standard
af9510dc-ad15-12bd-082f-5526bb15ef5b,15005,standard
0b3816d4-a40b-bbcf-b4de-ba0e22d138cf,15008,standard
09997b58-34fc-899c-ece8-aa550f484370,15011,standard
b68216ad-e9b5-0b3d-e82d-c2a9d32617d0,15017,standard
d5e7a3eb-c3b0-3f0c-89d8-2e2341108360,15020,standard
ff8c75dc-7f7c-a1e7-2832-9f372eb26dd5,15023,standard
b4923597-1582-8659-ac92-7e0159344034,15106,standard
9c1af495-8d4f-04d2-fe49-efcb6ee49372,15111,standard
6af50cc1-1a51-8b07-29de-4de0d9eb2507,15112,standard
a195208b-010a-cc97-3ebd-c1c449a17cb2,15116,standard
0ed8a9e8-4432-0706-c53a-8f6135659d09,15123,standard
d039d05c-f04e-9ad0-39a0-b87fd1ee93e2,15140,standard
e1a997fb-7b79-3115-af5e-d249370b74ba,15141,standard
73a695f2-7da5-6266-bff7-03ce8613b181,15147,standard
042643b8-f338-cd8a-c29a-34d7f5910f6d,15153,standard
d8662b24-6877-cb54-4f4d-295409dc829d,15156,standard
f1f283f7-a666-4e20-9f9e-e3d587354472,15159,standard
6ca8e3b9-d1f6-8dbe-3773-189e87c3356d,15170,standard
86e7b795-7610-2737-745b-9fc4193c0361,15179,standard
8ec3ac3e-2bb2-7a0c-a890-d1eed49445be,15187,standard
f198bb24-9dd2-8504-4ca9-38842c7527b2,15191,standard
d9ff5778-8b99-b815-b768-02c02522b3a3,15192,standard
070c7afc-2fd5-80b8-8431-c2c31fd6becd,15204,standard
0dfbb782-c879-98ca-b9e9-da5f559259b4,15228,standard
45faf1e7-9bbb-017e-be74-c74f9c751cfa,15250,standard
52ea242f-6591-725a-ceae-962fa0b4dfe0,15254,standard
93be8237-9861-8870-9977-ff1cf9e7462c,15273,standard
91ba3deb-1139-3bc6-212f-6a64a0ed0e92,15282,standard
ea51f2c8-95fc-c940-2400-c37a3ff2d9eb,15291,standard
52578494-b41c-299b-5717-5d11f4b2f068,15328,standard
d9b7bd4d-cec9-dfec-e448-79320de89f2a,15346,standard
0c969c10-986d-ce9d-dfd7-ec403658f953,15363,standard
036e42cb-0fb9-a025-5c85-aadd30eb686e,15364,standard
65f6219d-7c60-f8db-af0c-1d5ac5ce51e0,15365,standard
0c4d013a-b46c-dc8a-2657-7e3d9ad96a33,15368,standard
117b100a-6aa0-4748-a621-e9429807bc19,15377,standard
8407636e-87b2-60dc-29f5-fcf552651daa,15391,standard
d7b7ea32-432a-7faa-1ad5-b4563efa5ee7,15402,standard
7f67d63b-579a-44f5-4084-4c08cf924f3a,15405,standard
46f86070-adf4-7da9-e98e-0fd8b8942080,15408,standard
363ac494-c916-042e-ba79-3de27724c71f,15411,standard
9d3cbe7c-00ed-7f5f-8cec-b7eb5494d4a3,15418,standard
99e7cee5-bfd9-69fe-0054-ef44d935436a,15439,standard
19beb5da-eb89-569f-96ca-c1c6bd022e01,15454,standard
6bc2c1bf-6d1d-4954-f2fd-de22687e5a62,15455,standard
903d1c72-df47-828e-7565-29f79cd62a81,15465,standard
e6dad61e-c227-ac0d-6adf-085447f66759,15488,standard
072d6773-4118-a18d-014c-27d7f505f04c,15501,standard
9be4afc8-2984-b04f-fe2a-20be047369aa,15503,standard
3744c221-3755-52c0-5964-45c5a5336d67,15506,standard
e32f3308-179a-4d9f-d22e-aca2f2c0123b,15520,standard
4b63c764-5a9e-e0f2-8d06-d8ede511c10c,15524,standard
0cae0d41-56c7-3a1a-e88e-be82eb901890,15532,standard
b94ec3db-ace7-93a8-57e0-8d041c6de1be,15534,standard
a88f4b03-f09c-ea85-2e3d-da7d4c985c19,15537,standard
434b81a7-419d-1434-2516-1925d29cc9cf,15544,standard
dc2b678a-8ce5-a4e3-832f-ad2b7d7ce917,15557,standard
4b449a57-4390-a633-896c-f6d8c5dd9ac5,15559,standard
c3be3b56-84cb-a7f8-5359-5c4990efb403,15580,standard
77210f5b-8e34-5003-e96a-655b968741e3,15588,standard
157061dd-631b-3a67-cfe3-39b56eab31bb,15607,standard
e83403db-fe8f-a336-147b-a3516524d00a,15608,standard
52202729-1b42-cca2-2658-7b3385b4e2d2,15609,standard
df5c1f1c-c419-b274-7bd2-ac0664c64e1f,15614,standard
bea7167a-14ac-8269-948b-d4b3aea2f36c,15616,standard
9e34210f-73ae-a334-66d5-28b369ca5217,15649,standard
eb2b514c-4473-7f4e-f928-dbaad8691366,15660,standard
7ba81c78-d053-6dc2-fd14-dc8eea8b6b6a,15661,standard
d4cccbdd-7f58-a855-8c1b-585f050cec60,15665,standard
6bc87e1c-a188-eb76-5c32-9619885ff34b,15670,standard
9b2d47b0-33a3-f036-bf88-2ec3e335e280,15671,standard
2c291aa3-0249-7b2d-1541-b644d41553c3,15672,standard
b6b0a6b7-4305-0e2e-ad26-dc64d54916ba,15677,standard
f73cbad8-d019-fa98-4aba-e49c06b5e6f3,15679,standard
6c8ce4b5-a85d-762d-0883-7c78f88fa015,15680,standard
b3fa9640-65a5-3900-4fe8-1f18c7338c58,15697,standard
6e4c9733-aa1f-3360-d337-316a3f6fc33e,15700,standard
9b0ff5d3-44bc-9fdb-8199-b081ceff0f74,15715,standard
002020d9-4544-723c-647d-cd816020e700,15720,standard
49ac729b-ddc2-6624-2e9c-42fd43ca07ba,15734,standard
32f4f603-059e-a216-32ef-516901c2f899,15749,standard
471204d0-c8e5-9b51-5375-08592f1a4b2c,15757,standard
adbcc74e-c1e0-93b2-30c4-f68291efe692,15761,standard
6393d753-e361-c03f-5633-58efb21e96ac,15772,standard
0c86501a-0596-70d3-2059-2c8b963139f8,15779,standard
a87006cc-6969-eadf-3f9f-c71c1a30d532,15784,standard
236b6120-4f60-9792-612f-e9f91e50cbde,15790,standard
67f46a77-fbbf-7a77-3374-fbbf464f4a93,15795,standard
dc7df247-ac45-bf1e-0815-d7c6f6f32dc4,15807,standard
57373641-69bb-09bd-d404-614b6bd30207,15831,standard
f2979dd3-73e8-bffe-35df-2f2112067066,15846,standard
a3d256d3-8839-e9e4-b078-151224b7d3b3,15852,standard
7aa0571a-669c-af10-7633-81a8d0fd6169,15858,standard
9ed4a603-d081-72a9-4500-a10cb4d12500,15876,standard
75f01220-6d4e-bbde-39f0-51efea2cbccc,15877,standard
d3b60382-e3be-d33e-a149-a1263cb1784f,15878,standard
356f0b85-45e1-5d6d-a2c1-c5b57fc92171,15898,standard
e90ae030-dd04-8f26-7975-36feaef1b132,15902,standard
072d5d77-606a-27c1-d640-b468fbb8fb47,15903,standard
e8fd1a72-400c-27c9-8793-25bc43d1b1ad,15906,standard
92cda235-37b0-b92d-50b3-36104c5e25c1,15913,standard
6adc168a-a25c-6fba-f326-7901eb69897f,15924,standard
d68ad27b-180f-fecf-154e-7ba50cd81986,15928,standard
2bd2b5ef-f7e5-971c-ec37-b5042f664565,15930,standard
8845053f-ce6b-28ca-4964-6503579dc3fc,15935,standard
c2a496d7-3214-bfea-a7bb-90ed398af141,15940,standard
1a4f722b-1352-bf08-a0fd-bdeaf13d8dd8,15944,standard
73f9e846-8782-7d89-4123-0e5b8033da71,15952,standard
25727fb8-c192-cc7e-8199-85dd566c1eba,15953,standard
1e4e77b1-3ab2-91b9-3067-6c84daaffc11,15958,standard
c2678e63-7c7b-ad0f-865b-f2f04d3a48cc,15965,standard
b19e20d3-a1e3-1753-7411-3b377ac9cd5e,15968,standard
480db8eb-56d4-41d7-8334-fd3bc63b0784,15970,standard
71f2e9c0-74d1-d80c-2653-f805f0c8faf2,15972,standard
c886aa6b-6c01-35ae-e209-0f65074da63e,15981,standard
eb576b52-2ed7-ab69-6604-f7f387a28657,15982,standard
52575e37-98b9-fc45-3b51-938be12da36f,15987,standard
71b70952-48d3-ccf6-6a30-16868524c972,15989,standard
5d8149ff-4698-fd24-e5fc-36e0220aef08,16006,standard
e3f62db4-aecd-3cbc-6b48-dd65a4339217,16013,standard
28f35214-082e-ab29-aa6b-fb4daef4a5a9,16018,standard
d0d2d678-b1e6-fd59-5ee4-e415c729b9e8,16038,standard
e6880856-85d9-bc8e-d542-57f8ae9230da,16044,standard
378a0c8f-f664-edbf-9000-40ffda8d4e55,16047,standard
56e47a63-6eaa-37ba-945a-8d6795581cc2,16051,standard
4570235d-cd16-40c6-37d8-98b58a99bd3b,16055,standard
afefbfd0-c6b0-abcb-23b5-830aad4b03e1,16057,standard
fa15d09e-9a1c-6cd5-947a-2fd64f221133,16060,standard
132dddab-93c0-ffaf-a332-27aa3c683879,16064,standard
b1d2a748-88a2-8934-aeaf-148203d30f90,16065,standard
c4e3b036-e929-6e1a-d1e2-b6b9ba39e88b,16066,standard
8b34e784-df64-db36-01e7-93637c30576e,16077,standard
1174ba73-02fe-8df3-fe52-7f0233414f04,16081,standard
2b7b8ae2-57f7-05e8-a5ac-1b548d966491,16083,standard
97b1df0b-9951-8ddf-2e06-67d265381699,16088,standard
6a036463-dcc0-a970-4cd1-7063c177f3a2,16100,standard
f16d768f-9517-0534-27c4-2f8152dc5f0c,16102,standard
85ff03c7-af69-9b08-0253-3087a13e07e0,16104,standard
eafa97e4-7718-71ff-c4bf-9de5957e6d8e,16107,standard
616ffac4-0518-cdf6-e7d5-73efcf353832,16116,standard
e642fe65-2ac6-b5af-bd74-5185c9417a4f,16121,standard
1e52847c-abf9-05dd-3f0c-8b452ea4fe10,16131,standard
391e9e6a-57a3-737c-360f-0e7a746a95fa,16132,standard
1883a22d-0d26-214f-4e16-60dc1407613d,16133,standard
f7b6aafb-18ab-cfed-6f1b-54f4448a0fa8,16138,standard
b4a5e8b2-336d-d4e1-1802-e74fb2504c71,16139,standard
9126d5ec-6bcd-6207-31f7-e60361738578,16142,standard
7b24a0be-d101-1900-3ef4-5b86b46491ad,16144,standard
128cc3e9-379d-d781-a6da-f80aa1b86203,16146,standard
14c73a98-8f36-478a-d807-9f96232f0fa0,16155,standard
31a4343f-b990-c768-e3e0-51b45dbee3a2,16168,standard
79e64500-b0cb-c1d6-5b55-8ed5374c57e6,16172,standard
e9bb710d-47b9-117e-cfa3-165a5bb5e9c5,16173,standard
a2fdc5d9-c11e-f98c-7261-79af2e41ca6e,16181,standard
96c9b5e6-8b3c-7d75-46c7-424181099617,16190,standard
8681d0ff-06e5-04f8-16f7-b37ed515d3b8,16201,standard
8e62b1b3-5421-c499-25b0-de5a8b923123,16207,standard
38adb55f-d415-bd0e-3c34-63ea3e680a7a,16214,standard
b5489767-68d0-325f-c3f5-e8083e2b7b35,16239,standard
afc765df-2358-93c9-49d1-26106f12b1e3,16240,standard
6fd717db-00f5-50ef-a90f-ff564f5b7bfc,16242,standard
75832076-a0c4-07c0-a8f3-62708016a44b,16243,standard
4f0df6f1-f594-4ecb-23f6-4307ffec1063,16257,standard
955b2bd5-f696-6414-84c2-9c2554fd5c86,16516,electric
f0d2b4f8-2611-be4b-ede4-e5191aaeabfa,16600,electric
67aeda30-aec3-e0a3-b21f-76fe87ad5ba5,16704,electric
b3d6b5b2-094d-32de-5f63-834898093048,16716,electric
ef4dddca-7e0f-47d0-f903-1ab9686962fe,16826,electric
f9143444-c2db-7ac3-fa3d-c68162eef28e,16870,electric
7f8fb52e-1620-8f2d-1745-8ef4be869dc7,16914,electric
0bfbdde6-b25d-f433-797c-f2c5771d0767,16939,electric
2c4d53b3-a9bd-04b2-b29a-9aecc9cc9917,16992,electric
59f6d71e-bd6c-61d9-3fcf-05fafa37be66,17011,electric
adfb8852-d5c2-d212-5288-c2e864bf8b18,17072,electric
403ccb08-98f2-245c-5222-0e9a9cc1ded3,17163,electric
b96a0ad6-c0ac-1dba-a97e-13e497f62707,17321,electric
96383b66-7552-1b3c-8e17-acfbb56f16bb,17479,electric
b364b467-6bcd-9398-6a3b-b75cc991b0be,17523,electric
cbf53beb-ea13-8897-21a8-b8e5bda57ce2,17624,electric
30dcb0f2-25e8-dff0-9e6d-8f40879f901d,17722,electric
a3133bf6-3674-adb5-bd92-ddc3e7ebc8a5,18419,electric
0c7ac0a0-0bab-a573-1aa2-07ee3603437a,18833,electric
8b8a440c-66ac-998f-1304-b8766b5ec63d,18842,electric
503e583f-2c0e-07e3-7616-7826d17cf226,18877,electric
0115d5cd-c50a-2e77-211a-cc826093be18,18954,electric
9a0973ce-69b6-2b4d-676c-308306169f89,19069,electric
8f9b5b88-c53c-e2aa-2fb9-435d260ccbf3,19289,electric
1a4f3c92-241f-aad3-c5cb-65a84c96317e,19331,electric
36cdafa7-3580-3868-2ff8-66341cb237c8,19358,electric
57c1f506-1daa-487d-3201-77a4b3f87364,19481,electric
560a0610-3d45-2639-c84a-cbc60a2fe360,19544,electric
e68cc74c-bb1e-9e43-8123-dd330ac16b4f,19585,electric
26251ede-8856-1148-ab8d-d83bc223889b,19941,electric
861805c6-09fe-27cd-fb87-a469557927d6,19979,standard
21809bea-3e11-6404-48f7-3befb7131b83,19981,standard
bce07c2c-fce7-db04-3ccf-7d608c94d9f2,19982,standard
fcdda322-b01b-3bdd-dbdc-0cfb3d7344b1,19983,standard
81e0d3db-88a2-c584-0cab-5a8670161cb5,19985,standard
7cec3272-b3b1-ab03-4d9a-4a0867974bc2,19989,standard
2ebd72ed-084c-86a4-f060-d1f2854098da,19994,standard
14c9a52b-3d1e-6264-9273-5e1ad1e26666,19996,standard
c80a40b5-7ab7-28c5-07f5-675559d0ea91,19997,standard
6eda0154-c1dd-3f71-04e5-3641981283b3,19998,standard
5525e56f-620b-a332-3a09-7e531e609f24,19999,standard
1a76136c-787f-5df9-b237-80139ef9e456,20001,standard
12251467-cbbf-3b14-76af-d84e3e4592e3,20005,standard
839bed46-a52d-168a-9a7d-5aa4f6a2f06b,20006,standard
068957ad-2798-b66e-39e5-7c5688e85fa0,20007,standard
f205ecf2-c8ec-a3be-704a-2ee37a92ccb4,20010,standard
7a429531-7001-94ee-9d4c-ffcb50db95b3,20015,standard
21ea4dd2-4f2a-063c-c48f-6e7072a438ae,20016,standard
95047dd1-4bd9-3758-9c31-1b169dc464b1,20020,standard
7dbd60b8-d6a3-99fe-eecb-899eebf232cf,20022,standard
182412bc-110c-26e2-e1ac-a7514ec17b4e,20023,standard
e0b8ee30-d043-13b1-d9a8-4d8405efcc13,20027,standard
51d90f19-1ebc-3013-bf3c-8aaa6c5d596b,20029,standard
05ab7d21-c7d8-9891-4e7d-11900c2c5640,20030,standard
2699a1f7-ebb2-5fa9-93a2-6a7934c33ac2,20033,standard
d7c9ad34-a0bb-44a8-a49b-7f6e5b71bbcb,20034,standard
cc2727d2-a7c1-c867-f9fc-d0e858c33833,20035,standard
9d5f423d-4471-02ff-17a0-4f78241b089b,20038,standard
260b693b-102f-7a4f-d29e-5c0e1f58d5fc,20039,standard
3e73147b-fdd8-28ee-cb2c-5a71901ca1c7,20042,standard
d28d5216-e0e1-51ff-e21c-042801b1b5d9,20043,standard
b6ebaf68-28ff-7f98-977c-b3c44988ff77,20044,standard
d0375a0d-5999-1790-622a-767508060a8c,20045,standard
a6e164b2-7eca-ac4b-4f3e-5285160e333f,20047,standard
c2587206-2acf-153f-cb0e-1a787566b800,20048,standard
0f182502-9563-5cb5-efc3-56d3e23f495a,20051,standard
66809c45-3d8a-3d03-d527-b904c2664d09,20052,standard
c2cf729a-b1f2-951b-40b2-55d3b8c0861f,20055,standard
90dad9fe-2f81-7571-56a7-6af4c633c026,20056,standard
57f2a0b9-74c9-82a7-91df-099cf30cce6b,20057,standard
fd2c575c-ec03-8860-491b-6e5414925be9,20059,standard
df5feab1-e550-a5c2-eb6e-fb464e48718f,20062,standard
57ecc035-1290-d483-12f0-1e4c352f18a0,20063,standard
03113c27-8c76-1a4e-7a04-30ba836b8721,20065,standard
5cf375bb-a417-75bd-2124-24d5ac84a38d,20068,standard
79a3b757-c286-ad4f-4a03-947c5c9e67f8,20069,standard
abf4aaf7-250b-10fe-0247-650683d74233,20070,standard
b4595a3c-5a26-caad-fbb7-b21f95880286,20071,standard
4544f9f8-2884-2888-9730-16b28b9ccbd7,20076,standard
25b9269e-43c5-5889-e9f1-8cb040a87862,20079,standard
d2f45793-0609-20a9-c6d0-b154a9e494b2,20082,standard
62b5b8f0-66da-4052-204c-40006a91f45f,20083,standard
fb0a42eb-1f70-8047-bfb1-c7cddfaa6085,20085,standard
59b33f48-cf6f-5e16-a0e0-a2e483bc0a29,20087,standard
f77d7e42-f4bf-ed27-5113-a059687dbe4d,20088,standard
09443358-7eba-a918-5115-f25a410eff63,20091,standard
11819142-4812-2808-652e-89124e2ca875,20092,standard
e79c1998-c6e7-4757-cf4f-922e1201f501,20093,standard
ba1a4bd0-d61d-1133-d1c7-ab10a77499b5,20094,standard
d2c746d2-2ea2-ee53-2387-badf7a132e5c,20103,standard
68da3012-ef31-0329-1eea-7592a90c8cde,20106,standard
f14bca99-4359-602b-de71-9b1d8e9746f5,20107,standard
60928f45-da8b-ba8d-d950-0f9785d7ee37,20109,standard
70c00bf5-a082-b3a1-0594-cff2d1bc459b,20112,standard
e41d31f3-0827-5c07-c831-15f9bdd7d25e,20113,standard
20997286-02d3-55af-3333-f7c22322b9d2,20116,standard
d95db46f-7d5a-ebb0-b82c-ed3f734cccef,20118,standard
b9deface-d1d9-cb0e-3eb8-6db60478cbab,20119,standard
b99e2e1e-bb41-759e-bb9b-983e8c1833d9,20120,standard
a41c24ba-c3ae-b659-d816-c259f74bb2d4,20121,standard
ed53fe57-a363-3324-3e66-262cbf32f83e,20126,standard
10031fcd-c491-6559-a138-38028665cdab,20129,standard
97a4e92d-4c6d-26b0-b402-964fc85b60a0,20130,standard
34c9b9c3-2630-b499-d480-4086ce078e63,20131,standard
7711c581-eb9a-5414-d99e-018d884417d2,20133,standard
49964936-e418-8ce2-d77c-f78937e42298,20134,standard
13f133fd-bac9-46bb-f360-eb5b7be9c517,20136,standard
3ffbdc89-0d1a-9e1f-7d7f-832926c154b9,20139,standard
047f12b8-9875-cc49-45b5-d3a24043d50e,20142,standard
57d81860-9087-67d6-0c82-e169e474f25e,20143,standard
7099edd8-613a-5613-42ec-b37485b0f0af,20146,standard
a1963c3f-b6b9-fa39-c3b4-0369803b2c90,20150,standard
9d9e4b6e-58aa-f408-0384-8620ddf59a67,20152,standard
38721659-58c4-a6fe-f5a3-15a7ac83add5,20156,standard
5841414c-0e10-d381-03ad-e6d140d34a72,20158,standard
fd3d3b74-9bed-f6f1-044a-18e367976818,20159,standard
1eb51e9b-72b8-abf6-3d0c-ac0182596793,20161,standard
045cb3c5-7406-ed90-a4a5-87afc510b0da,20162,standard
d14da447-8e4b-9800-e184-34c7b0e88040,20164,standard
2873211d-5538-999b-73ba-69ebf3241b4c,20171,standard
9d0ae16a-c48d-afe4-510d-435a7126bd2e,20173,standard
985d8970-cb6b-11b3-b1d7-fedf4bc3b131,20174,standard
b7c4476a-275e-278d-450a-ad6853068e36,20175,standard
671d5810-8f8f-f248-d702-b9898bc12ad4,20177,standard
a5b60c2d-45ea-94fe-0d13-d5944e320e37,20178,standard
e6f540a6-8103-8b1f-5155-7d62ff63454e,20181,standard
e5f6e0d2-6b7d-b7cd-8ea7-1176b5cbe10f,20184,standard
a8b92145-4930-4ba1-cce9-155f8cd65dce,20185,standard
eb37463b-d53b-9ad0-141a-c6b02b430f26,20186,standard
90880887-4de2-8395-2310-a1d2ae81eb21,20187,standard
7e8da727-8f52-a26b-5d96-c2df67f98b0c,20198,standard
fcfc4296-9d68-47f0-c195-768110a1ce51,20199,standard
dfaf01ab-af5e-a32e-4304-c777feb718dc,20200,standard
acc63a49-1edf-6c4e-4987-11d2774ca661,20201,standard
c6a471a0-94e0-6be6-cc17-c53989f71805,20202,standard
d636e2db-e1ed-64cd-f76f-5c71b293c266,20205,standard
df5ba6d8-1ade-0f48-4c9f-4bdc44e93f53,20206,standard
df1f2547-88ca-4f17-9b10-6785f81c80b7,20209,standard
1ab0d651-9ab3-20fc-ba1a-97ffe333a4f1,20212,standard
69069694-9a08-6b39-c02e-e3a3e6bd3931,20213,standard
a0aa900e-a25e-6348-fc7a-413ab9dea276,20216,standard
06d6c0a9-c043-40a8-0b9d-f315f3f38d3f,20217,standard
a06af8c2-6a85-fc3c-967f-4583f94e9c0e,20218,standard
f73f195d-3383-4520-5276-ce5e34c5f8ce,20220,standard
4903c0f5-8e76-8757-d59e-193274cf70ce,20221,standard
547eb8b8-770d-a5e4-db62-636db075986c,20226,standard
552288f6-67c2-c4a0-5f60-134ff6fa50db,20228,standard
a000a36e-870c-0384-8fc9-584a022da75b,20229,standard
7aff89de-3df1-a191-793b-9c53a855987c,20233,standard
a6b022a8-3253-fa20-d08f-1484bdfd30a7,20234,standard
af3f617b-7226-5ebf-8ff2-5cb8e76a0db7,20236,standard
9b50eb1d-9d11-8aa3-d482-9292f3d4ea3a,20237,standard
1c336ba5-34a1-d91f-9f9f-8ffab94d8326,20241,standard
889abb34-fd7d-32f0-6444-711ee199a1d1,20244,standard
604fae49-9447-ffea-6595-ada5265adea8,20247,standard
ae0b4c18-e164-8639-977d-fb8f291130a8,20251,standard
52dbe1ac-e95b-b06a-64cc-2a50dd5f2d88,20254,standard
6a7f8f43-633e-7de3-0322-9113c4a66fac,20255,standard
4d1fda54-0f08-2d22-4e81-13dda1b9a95e,20257,standard
d38fd93a-8e23-0766-3e75-76791b2753ce,20261,standard
cd038b90-4b43-716d-43f1-3500bdadd4f1,20263,standard
e9465583-0b89-ffe7-bbe7-0d38036c1fff,21916,electric
d6554b28-5f45-5ded-069c-2d18547aaed3,21947,electric
b60c7c38-b0b2-b0a1-4b73-6acee8076a06,21967,electric
6398054d-c168-b234-f67c-f7a1e1d2efa7,21980,electric
6d49e183-c36c-3b0d-ee3e-0353b35f9e15,21987,electric
fe8a4a50-c21b-70cf-2601-b40f38be97c3,21996,electric
873410ae-a4ec-d486-095c-807394ac5a24,22048,electric
db67ab7a-7292-3bb8-9056-74437eed7c22,22052,electric
2d88ad33-ccb8-6853-c314-1c9ad7fffc48,22072,electric
7879ad5d-dc08-9bd1-6ec7-c242316086fe,22081,electric
ee133b4d-0ffc-95a8-8d72-dbd98a309d31,22082,electric
1241cefa-e150-734d-1859-9dd9ca32ebd0,22083,electric
52f70ede-6df0-c753-4d35-29486f1cc816,22087,electric
a01a07c0-31ac-b2e6-885f-450a453deeea,22089,electric
15be7d96-6ff6-5457-bc34-dd8d88dea843,22175,electric
c8ca4d4b-a86d-fe4b-1f8d-b546a74926c6,22192,electric
b1f414f3-c51f-a8e2-039f-fcfa319edd55,22210,electric
9f34c002-6840-4ed1-1630-7675736f8edd,22252,electric
95c9ddf2-9c4d-3d76-aad1-345c2f3fca35,22297,electric
ee4dd213-c83f-1bd1-128a-a4aaae033924,22302,electric
6a6efe09-596a-3259-b422-f208d21a717a,22304,electric
900c404b-9d50-93b4-7a19-f7928bd96a1a,22305,electric
fdc9a8b6-0290-610b-46dd-70116392f698,22312,electric
03acfdd4-e63b-811b-33b1-f90aba968abd,22326,electric
8d055a84-ebef-6d2f-e18d-fb13794fc5c0,22334,electric
8436cc55-9584-0be4-22e9-e60e0d414702,22353,electric
6c2b6c91-a38a-6c6a-7970-4a236584f9fb,22398,electric
debdec68-b806-ea6b-2bbe-b51b5c3edc02,22426,electric
64645bba-4969-1a19-ccb7-64f933e9c74a,22437,electric
d16a5bb8-6af1-ef9c-0f98-a7806971dc39,22438,electric
64fe1ef1-f157-cff1-3279-d8776a9e4ce5,22439,electric
d35ae379-8fa5-cdd7-5c19-d162838a9a74,22495,electric
85e7f8fb-880b-4740-7c93-488a20da1947,22499,electric
57ff96d9-b3ef-0ae0-3119-e257c2caeaa7,22538,electric
1505b1c8-98b0-1669-cc16-f356f4fb96b2,22539,electric
0ba2171d-deed-4afd-9693-d9c75f166845,22593,electric
d2b71757-f8aa-05ff-e380-ab4cfab6b346,22627,electric
955a6463-ad22-8eea-20e5-75f51d5b4d16,22735,electric
704066eb-4425-4f01-76ae-e1df28982dae,22775,electric
1d3a07bb-dfa5-4cf5-1855-7011c6c57ba5,22781,electric
0006e0bb-51f2-c779-f596-45649780d9c4,22800,electric
bc6ea4f4-4edd-b380-915e-61877c5dd7a7,22826,electric
31e7fa49-347f-da75-863d-5eed43e9cf04,22873,electric
72e55340-eeac-b88d-4b91-cbf4f30008bc,22889,electric
30654f77-d8c9-9e31-efd0-83fb2f608c9a,22900,electric
c82fb8d2-b98f-227d-63f5-f759bfa0d91b,22940,electric
b57892e6-881e-063c-ca38-7e6141452b62,22945,electric
f98c1c3a-b378-c029-94ed-2b4bd0b26d25,23001,electric
dd04498f-0e2c-e1c7-9ca1-0b25eef83364,23005,electric
4e0aa2be-5ee0-6ec2-06ba-9aaa54bc8b61,23041,electric
a63571e9-fc6f-a1eb-4ff1-5ec46a401574,23146,electric
fef7e0ec-d4f4-cc0a-764e-c3b1f7d4912e,23166,electric
b2edc6e2-c63b-fbe8-5994-9821a8321827,23183,electric
e8385c97-36c6-2471-4525-0f0ed9404ed6,23238,electric
61fadae3-fbcd-23d3-96d8-649aa07130bc,23262,electric
a046c041-71fc-4fbc-4b20-d3052a8fb199,23326,electric
e85bf57d-daaa-7b93-1e52-42735e335dbd,23345,electric
b95f768d-2358-054d-67a7-ccde7692c193,23373,electric
e0084ee9-a577-b1e5-bb3b-b4075fdb4b6c,23374,electric
337036a5-0704-5532-7ef9-b8bc8b859727,23379,electric
905d1954-48ba-f8ae-bb6a-4902d0c0f516,23381,electric
003a317c-a008-c961-e5a6-c6860916cdff,23382,electric
20e2322b-9b6d-da7d-118e-b410abade85b,23384,electric
33fceb7b-054c-eb9d-008d-93df17884d28,23409,electric
e99218bc-8227-96c8-2ff9-a668b95bb035,23438,electric
5b418838-8f59-944c-5a19-cc4b02d0432b,23485,electric
ae474619-7925-1a39-1568-170b15722c68,23498,electric
d6d4b69d-39ac-15c5-ac42-29ddb5ab31de,23516,electric
ee4d8514-b834-b79f-ed2a-cd736805ba13,23600,electric
698fc869-9ee8-5813-3c55-5166469818ed,23613,electric
58dc1ca0-b43c-bb96-2934-83b70e5c4fbd,23628,electric
6723a967-6eb3-f699-4dcc-bd073c75dfdf,23684,electric
30f130df-c721-68ed-6f5a-7dddfe8077fc,23705,electric
fbbe5d84-cc4c-7789-cb7d-b26e2f4ab3f0,23734,electric
f887b07e-7ede-1380-c0bc-dcd265d980e9,23778,electric
658a3532-2c7d-5ec1-cc86-045847a97772,23787,electric
3891cce6-63bd-c148-ba66-87fcfc7d4a97,23851,electric
dc745b12-cd69-c19c-cf09-c58534d00e64,23857,electric
7c5fe28b-69c1-76e3-895c-71111ae14a8b,23861,electric
183c48ce-08d5-a436-ec77-b2b61d764cfc,23928,electric
2f0ef02f-7d16-9abe-3f24-14cefbc9c892,23942,electric
ea51c646-25ad-f2bf-3ff2-9167a739439b,23944,electric
588963c5-0f32-1622-a21e-84f55d54a116,23955,electric
8a1490ad-01fb-10ce-e92e-14d0d7be0329,23962,electric
3f629266-f61e-67b1-4a8b-f8f5f098574d,23969,electric
dda617a4-498a-4cd3-d54d-6d6b32cdbf3a,23987,electric
4087f142-0680-50ae-e4ff-bc682da2790e,24007,electric
f4e6171c-8690-c0d3-98e1-3a4b79b386a4,24018,electric
ad4c793e-7b84-46a5-92f1-124be2134922,24021,electric
bebfe9b7-6dd6-7b8d-a15c-36db2ca6923d,24043,electric
37ff1624-0899-1450-174a-ed8428e48d66,24046,electric
ca3d2515-d510-9998-70d4-6f83633df406,24049,electric
23d798b1-f946-98f1-5637-cb7714dbcc59,24052,electric
1115c806-fe7b-f551-cf59-f424d74e9c5a,24053,electric
6752fc6c-4ee4-cc5b-a1be-375d985b34f4,24056,electric
898992ef-2609-f138-45b4-6ad2c53294a2,24059,electric
e340402f-d507-3c5b-1c7f-3e3485c04e52,24061,electric
ef845520-c3d7-872d-6333-cc958964763f,24065,electric
5a34561b-dc91-afba-f0f2-a7c12de8c8b0,24068,electric
647797d8-5544-3e03-865c-fd042695c0fb,24086,electric
288f39d7-eae0-2c28-142e-709697cd5d01,24089,electric
7055f16b-478d-a94d-b538-c4401eaf41ec,24101,electric
3c064674-3f3f-116d-95b4-139fc5a50d76,24112,electric
347d943e-2e31-a16e-461b-d59764bba566,24137,electric
c6700167-c988-a639-d2c6-247dfd93a539,24141,electric
84561c94-fe92-115c-a636-d9af6109e121,24178,electric
ffd4a21c-520d-bb12-a7e9-fe8be2ce0e3c,24190,electric
7d106da5-b778-63fe-4cc2-f451133b1ad6,24204,electric
c388be6a-43c2-278a-c448-54cba2e3a674,24208,electric
483e8f37-494f-d3ed-6d85-4d0c02367154,24215,electric
0754dbb7-ae65-3694-45d7-0579eeae7554,24221,electric
41cd5b4f-b278-fa51-e5b5-2be1ab366ac0,24228,electric
90292486-e134-bdf4-c66b-1e5145212646,24233,electric
f629b33f-ed4f-ec7b-0cce-220a78e3740c,24238,electric
fe269f29-ae63-53cb-aa5c-a16f9c6c7ca7,24240,electric
307bed31-fb3d-2330-65ed-8a29df2eb787,24241,electric
99136290-f1ba-7d2d-1729-b8cdb6da4b61,24242,electric
1ffd4557-50c1-18fe-ced3-da996992fe60,24259,electric
84c574d5-5ec9-d3eb-8517-6033429d992c,24264,electric
4b49179a-53b1-6c5f-1f01-d8a4e51c8315,24279,electric
9786b5b5-175f-ef57-233a-426f3ef79053,24281,electric
174d65f1-eeba-3c61-8bff-06b7b8470f28,24286,electric
282edc44-2747-6a4c-f965-293c6c7c6ba0,24333,electric
26f3f508-d93b-d83d-ef6f-8de4c33ffb8c,24371,electric
93a57102-7924-573a-e843-a5c16832dc83,24373,electric
12eed48c-8910-6181-e4cf-78f75fba32c3,24375,electric
6e046d1a-ecc3-9fae-c93c-5533a9213b00,24379,electric
11123096-f683-bc17-ec15-f5a0556c4fb3,24384,electric
29fdc31f-755b-2c0c-126a-00139ceb4457,24388,electric
b3c15333-3d34-e6a3-69a1-84ebd7eca5ee,24389,electric
6d20f8ea-e950-6714-564a-079a8c227bec,24399,electric
a3b13d2c-dc54-e504-dc56-621dd592bc6d,24402,electric
cb53a402-a522-7911-7f0c-c08687999336,24406,electric
e96c498d-3ed4-b849-a460-6797c7ddb86e,24411,electric
aa2bd5b0-cce7-d955-588c-5bb1f7091f18,24414,electric
fcd829ff-993e-5b88-c119-2cfa7cf27a68,24420,electric
d3dba6f8-037d-bed9-f350-0e8bf262e403,25334,electric
35911547-e0b7-9fad-8641-526546196ac6,34231,electric
948478dc-b2ad-b3f9-51c6-3b450c1be03c,4727,standard
5cb0c792-3e95-9e58-88d1-553f4c469c09,4823,standard
14f1f4ec-48e8-bf01-700e-f9600cbd9f67,5016,standard
f858ff3e-a72c-972a-6c49-7b8c5dc12fe5,5719,standard
2db0987e-995a-cfe5-b7c2-86ebd01068a9,5720,standard
36e4bbd4-8640-7303-1a7b-99a62740bd80,5721,standard
8237725d-3c22-b4e6-c134-0760ed4fbeb3,5723,standard
718a2a98-387c-d428-9742-510fb29b74f3,5725,standard
bcead6d6-8b05-d27d-ae8a-11204d5ee7cb,5726,standard
5821ae93-89cb-52f4-fe33-3b68d5322c54,5727,standard
d89c0c1e-9301-ee1a-cac5-517a3122bf70,5728,standard
53f51902-bb83-a440-2cb3-5c310d7ae28d,5729,standard
fd13b509-5563-db1f-5eeb-9a458ed11f6e,5733,standard
9b457874-5b54-9829-68e6-0dc5a0885661,5734,standard
b338cf74-9623-2aeb-2f07-88ed7de178ea,5737,standard
4da95906-3121-f4fe-c7b9-1784ccb56231,5739,standard
58704c9b-d94a-2f76-6da8-d20cf6b5f94f,5740,standard
9528aa86-e923-92b6-ba1a-9fcf303f780c,5742,standard
99735208-d8a5-2ecc-e9ab-8efa4490d95e,5744,standard
87fa3b33-dc9a-b6cc-c45d-8f993698b6ed,5748,standard
7707cbbe-8f27-aaaa-73c0-3e11dd5766d2,5750,standard
7ccc4a9a-c137-ea64-3875-9d41adf57510,5752,standard
9a57893e-55cf-657a-9d6f-289ba2bbc5d1,5755,standard
561cb2a3-e746-9a1a-499a-c310c51a6bc4,5757,standard
db13208e-dc03-bfb9-95f3-381a892e4f32,5758,standard
ca1b8585-72ad-0753-00c9-f92d5c8828b1,5764,standard
c79f06b1-5177-d49d-6d23-0596ae17ef0b,5769,standard
43bea6e1-cbc4-1518-0617-a11fc9f5e79d,5771,standard
cd97917d-6697-14b9-d1cc-8b2634af2644,5773,standard
37ac704e-840e-06d4-025c-891fe1b8b045,5776,standard
b33b781b-cefb-183a-7e74-5bcc0934ac83,5777,standard
622b2a84-77d7-7b1a-5e7e-19692ec1f2b5,5781,standard
7ac78787-c3d7-4b35-97c9-68c6e74b94e2,5784,standard
361da9d2-0452-3701-8ff6-70cfbe9b744c,5786,standard
e01b431b-1d6d-0efa-55ae-584f3f8d47ff,5787,standard
ea5697a5-36d0-6b47-e535-9767fb0de678,5789,standard
3fbaf37e-b68c-6602-3a6b-636f291e8157,5790,standard
192b36af-b77e-39b2-4f21-36fec7fa208c,5791,standard
dda7e0b8-e3ba-6b6f-21d4-4207883507a0,5795,standard
27ae97a5-0990-b014-9def-af8b999e0805,5800,standard
bf930957-01b8-daae-c483-4ff8d5f8c865,5801,standard
0d4e6119-9497-e035-754a-728cfe6b7ec5,5802,standard
5a51b3fb-3cdd-cb68-9769-1543a09d23a0,5803,standard
9dab83c3-5c97-b52b-d152-be6cdca7a7eb,5806,standard
f49d28a9-0f07-2cfb-e1ea-acb2933a72f5,5809,standard
41011639-d79e-2a16-ee30-e5a7ac746e9b,5810,standard
a27a9181-cecf-fbb9-33fa-ece19d7ce259,5812,standard
7b73b568-8e3d-70d7-d684-632291cf6b49,5815,standard
563835a1-2f47-0675-3c1e-763bd5128cba,5816,standard
396bf3ab-cdcb-278e-8d6a-51cc6477f127,5819,standard
dbcc1920-e91f-768f-ae81-1b90bd616d4e,5820,standard
29ace27d-abda-e17a-2409-ee96baa622a4,5822,standard
76206092-39e6-a7ab-4e02-5857a310e7eb,5824,standard
44f4bf15-d15f-9cd7-43ca-15bdc62fbae8,5826,standard
375d606c-5fe8-3907-6853-fa303b5fe7f4,5830,standard
13f2d931-bbfb-f12a-d1ab-65746e9e3357,5831,standard
29664969-1fc7-3e6f-ef20-e6051336c14b,5835,standard
642a3449-c4bc-71e8-5af7-a428ec6a7b65,5836,standard
da02b7d9-2ae0-5392-70c5-850e6890716f,5837,standard
7ee5601a-2705-e426-74f3-4ddc0105b3ca,5839,standard
6a954136-1588-e61b-6d74-c3c0e3926a02,5841,standard
f6074fb9-2dfc-63d1-8f65-c279d9a3e0b2,5844,standard
b4c3cf69-3a18-9595-4bc1-61ebcd7704eb,5846,standard
16f879fb-c539-67fb-1bbd-ebc7b45a51a0,5849,standard
938d9cbb-3db7-df02-cc38-02ad84b2bf0d,5852,standard
d4afc997-3ea7-0660-45e6-8a7e7ef2be06,5853,standard
ec8803f4-75c8-ab0e-d8ec-269bf8788dbc,5864,standard
69fe5017-5234-3b2a-5e27-bd6e92a49ea9,5867,standard
f27d42e8-e663-541c-37b5-a17c6f5da656,5870,standard
c3d6aa2a-d459-f1fa-2fe1-01ade33ed2a1,5871,standard
74bdb237-fd8a-75e2-1b2d-a1cdf298a831,5874,standard
672839cf-4a10-c632-5765-ab1303ce3d3c,5877,standard
74839d96-d65e-cebc-7ecd-219517539f61,5887,standard
4ea8eef1-caed-0814-2653-bcd82521f188,5888,standard
683e91ae-3370-c92c-72f0-fe9e315d1364,5889,standard
310ce88c-e4a5-00d9-ed67-61b1530af240,5890,standard
d55b1afb-3086-3559-b328-98353fd5b916,5900,standard
dd73956b-423e-32c5-87d9-9e2cc84356b9,5901,standard
87fec7dd-7a2f-700a-6ee0-94d1946cf1ab,5904,standard
ad5769c6-7e86-f433-cf34-9efcb4f0d182,5905,standard
0c807abc-2124-43ed-ca2c-93da3a366e4b,5908,standard
a140357b-39e4-0af1-f379-25c9d737491c,5910,standard
629d6d6f-93f9-63d8-0a99-277740fd8f22,5916,standard
bec3a3ca-5cb2-0247-798f-61eef2a30b19,5918,standard
bbcda6c6-57a8-a069-3a52-b74552bf895d,5919,standard
9ade7a15-ea42-4455-c93a-5b0574d3670e,5921,standard
802afaa1-8cc9-8014-ac4a-248c93fa2f63,5925,standard
2cbddcbf-570c-a893-ffb5-63fd508f16c2,5926,standard
a6395c5f-ce22-010d-bbc5-071273ba2a65,5927,standard
655ba6db-d097-7c84-c921-d252e7003ece,5928,standard
73ca007f-ef07-1925-16c9-f675379b4d11,5932,standard
2fae5a5f-5393-f3c5-eb2f-35a74d8b4717,5934,standard
fd71f649-19ea-59a5-e1ff-a01e78eb0e67,5936,standard
01eccbcd-f266-1768-9edf-b3798423fe48,5937,standard
52c6b1fd-f7bc-09a2-5e64-73ae1e36da00,5940,standard
2b377b3f-4049-054d-5547-8e3368ae4ff3,5941,standard
2df19bf7-1891-d6ed-e60e-397a8a8f0739,5943,standard
3f2878ec-c320-f412-98a2-0f29557ae793,5944,standard
e606b26c-bd42-49ec-d2d0-ef994c8310bd,5946,standard
6175e37e-c0a0-8ae7-880c-6eb648566901,5949,standard
5383bd71-939e-637d-9c60-2328b8243bc1,5950,standard
a07220ef-39b7-4af7-cf46-b8b3760c4f8f,5951,standard
d68dbc68-82f8-d0d1-86d1-cb971a9a1866,5955,standard
93c74b78-d808-8e3b-512b-2a1158425613,5956,standard
3751484e-1647-f31d-ba24-14d61d0ee6ab,5958,standard
4700fde0-8c47-ea25-e6f5-ec2b55a70be5,5965,standard
75028395-a1cc-c5f4-148d-f9b4bce80e5e,5971,standard
94a11f4a-1427-cdd6-4b58-5262418bdb5d,5975,standard
2f03f782-1dbd-3654-a3d3-75c3aa5baca9,5976,standard
1e36c4d0-9fdd-60e9-0579-cbe2c9052dcd,5979,standard
3f7af279-7029-be49-a66c-fa4be717ef77,5980,standard
ac43b211-a3bd-93b5-be0e-f5d975b36231,5984,standard
78e12580-d9df-f566-5a54-0b791b25c187,5985,standard
45d82e18-b0a3-b61e-808d-c960981a5e9d,5987,standard
dfe4ba48-47fd-1d03-f36e-6958118d97ea,5988,standard
68b9b8c0-536d-67eb-ab97-dc23266f9b81,5989,standard
31303acc-ee0d-94a2-dd12-336c620d58dd,5990,standard
fcb4bc47-902d-a9ba-496c-b00b7804ac15,5991,standard
677669c1-696a-59d1-18b8-41c86bc784df,5992,standard
dfd7f08c-ad9e-6201-0685-6f6511b9973b,5993,standard
08d28778-347c-28a0-485c-e3737c8400b9,5995,standard
4c844af5-051e-c886-fdf5-02e3c10612e3,5996,standard
fb9e0934-8a64-0fd1-2b88-a88fe23c9aee,5997,standard
55bd60a1-8001-4656-da37-ab8dd60f55b2,5999,standard
5ad1f570-7b16-4219-fdab-560c21f73562,6000,standard
4043d951-8cc5-7c76-fcc5-7da5377caabe,6001,standard
933fdcf4-b000-d19b-fce3-69a0026eb92b,6003,standard
81f1f245-8f9b-5b2b-afe8-ec25cb71d2e5,6006,standard
6cde558d-acf8-7e8a-54ae-fb125998f6e3,6008,standard
6cf839f9-f77a-55f6-e8a4-6eec64b95a07,6010,standard
04bba607-6f12-9290-4e73-27afe78c4b8a,6011,standard
128477b4-3eb2-9b5e-ddf0-8451ce03ad7e,6012,standard
9ae3c17d-ab18-6310-48c5-7661edc08d2d,6016,standard
794c8918-a487-9fdb-4ae0-2db60025fc96,6017,standard
781cb9b5-a5c8-c966-7eb4-b8cf613e18d6,6018,standard
d86b9be8-5828-797c-e4ab-35051dbdc099,6019,standard
b441d136-9214-b5e4-58c6-2bcff06a6c10,6020,standard
5b08092d-acb3-555d-3915-20318200e22a,6022,standard
a44a4ad3-2326-48c8-d25e-30161dc9e63c,6023,standard
a27ffff8-5af4-0ead-9f45-32d067716b60,6032,standard
49c21ae3-8ca2-20fc-0b3b-3662782c9374,6037,standard
811b38fb-49ac-9c4d-28d3-744e15104a4a,6038,standard
2f29aec8-bf7c-8148-ee9e-1d1bd095c6c6,6042,standard
2b17d080-0cb8-9c5e-2070-db98a184f61d,6044,standard
fcb1c99a-17cb-edef-aab0-6033a93e18e1,6049,standard
88f4edc5-40db-9e47-01a6-bff7354b1fea,6052,standard
0b502f69-599f-155a-a761-781dfd23081f,6053,standard
4231518b-1950-f5f8-12de-2b244fccfafc,6059,standard
f698093f-c9e1-afd4-cc29-aa8b6b15c9e4,6060,standard
ef6cdcba-6c06-fdbd-36e4-1f2e57db325a,6062,standard
d8d66b34-2898-3f7b-c7e4-d32d1d728d70,6067,standard
7cc13a4c-d51d-dc60-0ac3-10031c2745b9,6071,standard
e8fcad46-7843-09b6-2589-f00bd967ef72,6073,standard
7c9d8567-642a-47ec-4a62-783b92b5870a,6077,standard
60022374-39b3-6484-1af5-1ce4b05729fb,6095,standard
b5afeb62-b99c-015b-0a16-02b0595afc88,6097,standard
ada13d2c-fe9f-6273-490f-e6ec58680035,6103,standard
07e75898-0001-3907-b6d9-ff927748c2a7,6104,standard
bd55a89f-de0e-b398-1922-adc67c3e4b55,6107,standard
cee681e5-7106-6857-7dfb-7d682d907488,6109,standard
e41d438e-e173-5adc-6f73-9bfc8ea3f9f7,6112,standard
0e90a7d8-b81a-09ea-3f8c-01af03bfb92c,6114,standard
7e22a786-b520-8949-a285-c5e214e17731,6115,standard
bda9bb1b-a2a4-44c8-c702-49d5f0463a60,6117,standard
9ed33c4e-46c0-fb6d-e537-f18505e77c0c,6122,standard
3e38059e-e5ca-c8f4-45b9-b99678e42d35,6123,standard
afe10c2a-3f66-fdd8-1813-90f76ef4e56d,6124,standard
883a22f7-bbe7-0861-3e72-408fbf27e79e,6125,standard
9a2bee25-9e71-4afb-fe78-876efbb47f88,6126,standard
1c86a8f3-e170-a5f6-c7f5-5ddbc49a5a34,6127,standard
87c25ff7-0997-f51f-1068-615d31af6dbe,6129,standard
ace2b69a-9fbc-c321-942a-f82dd1f2ea4a,6130,standard
dd4d3885-d7f2-bb91-484b-24b0dea72915,6132,standard
b8ad31cb-45bf-1109-8a4b-644c1f30fe49,6135,standard
90f19777-8e07-da88-9ac3-eb7ad9b2bf3d,6137,standard
f2749382-e820-5632-0460-afafc9525e3c,6142,standard
99ea7add-402e-d4c4-c4ff-c42803d2b249,6144,standard
a6b48070-3a1b-3c17-8145-c0ba12d4bc36,6145,standard
4153bff4-ea6d-fc5a-a771-7859636f07ec,6146,standard
e11e128a-7db9-322f-2390-f1c037b89ab8,6148,standard
0a4ab1cd-f3f4-d296-c411-4a076d0d5170,6149,standard
9e219667-69b3-97a0-bf76-82fdad3f0e2f,6150,standard
df9c1ca7-4449-1678-3dfe-805816abfdd1,6153,standard
b4fd2171-fe01-9d3c-4955-71331fab70f6,6158,standard
293e861f-2d96-0c50-25c8-67784ba62a95,6162,standard
75703892-27a4-e588-1f12-145b08051db5,6164,standard
215832b4-7fd0-8219-c123-79eb98926489,6165,standard
020804e4-b86f-11b5-bc97-d98f9524fec8,6166,standard
d8675531-9900-d44e-976c-a980310354f7,6167,standard
b46ba5c2-fa4f-eb75-35a4-7af5967df19f,6172,standard
27793c93-37c6-4274-8a1b-58ec6a339f59,6173,standard
530b07f5-b591-904e-5043-0ef439dba3c8,6174,standard
15ccd409-4c38-e4b4-5dc3-c0dfce21d41d,6175,standard
fc3b2632-ee7d-468b-d332-96dbd31bd623,6176,standard
af531062-1847-a656-bdde-388661a10fa5,6183,standard
1974bbe5-40e9-f815-21c2-0d49eca8129a,6184,standard
ead462a5-6552-51aa-532a-51bafdaaa107,6187,standard
4da24d2c-732a-e0b5-f155-99097fe6bc73,6188,standard
df89e8a9-5b4a-a518-5baf-4f2212d4338a,6189,standard
c34a3c3a-7c74-600b-d9de-486716996a06,6190,standard
ca6d4376-9bb7-c2a6-5c6a-863e1d1daea7,6192,standard
a613cd76-ebba-a66d-7e35-716189ca2f38,6197,standard
d212e8ce-9da1-0496-644e-73e7d1b6de3c,6198,standard
1792cd94-65e1-5956-a09d-d6b6cb5b4892,6199,standard
d0d81f8a-9eeb-8a23-96d7-ec82cfd9b8b2,6201,standard
35a95b04-dfb3-a1cd-62b1-327ed479b054,6202,standard
41b2bd06-e6ec-9df3-132b-7412aba0ac67,6204,standard
bbcc6214-eee0-c27b-3161-e88a037aa189,6205,standard
968241fa-8118-aa7e-d1af-286c7caaa8fb,6208,standard
5d67fde6-51a4-dc04-20e9-3e953bb584e3,6209,standard
95ae08fd-5c45-774c-8df1-77a48e656561,6210,standard
cf970f31-5760-110a-e556-1c1e01f5f72b,6216,standard
219803b6-fe17-415d-e51f-3a7d2902e09a,6217,standard
334a96c2-b866-5e3c-57b0-799b1766f835,6222,standard
02fccde0-ffc5-8735-b123-715ac35396e6,6226,standard
6a27a0df-ba55-5e4e-d148-ca33bbf31502,6231,standard
1129d4b1-e54d-b74f-b279-803d9e5e2c8f,6235,standard
caf97d26-8182-eff5-d079-9e00d7c92d02,6238,standard
69bcaef4-9355-45c5-4660-1f3df728eecb,6241,standard
b7ad4cca-4ac2-7095-d781-37fb68fe9ca1,6243,standard
574254f8-8dde-aa63-5a01-7e5f9f760fd9,6247,standard
6a8018fd-790b-d6e6-dea6-dc994fa82228,6248,standard
131b725f-df0b-1439-7494-7fd46af79215,6249,standard
a48b7ff5-1284-1e47-5680-6cfb1f5c88de,6253,standard
a54fd1c8-8bdc-75bc-0fea-27e98131681e,6254,standard
2b9b2e7f-7207-8c81-ed54-8d440800dfd3,6259,standard
15ab2b98-3161-e54f-5c17-8fef210af667,6260,standard
19d41859-04d0-9b38-144d-60fbc6176e6e,6268,standard
cb35e011-7ce1-ba08-25ee-2da9350746f5,6271,standard
0957cdc0-c877-37a6-f9e7-2483d2545cd8,6272,standard
80602fc1-82af-e792-2003-169e83dccaf1,6273,standard
696f60cb-8a2e-f267-8e63-3a69cf45be26,6274,standard
82d4fd55-707a-6d97-e97a-c391c8b9db26,6279,standard
89eedca0-ebae-9a97-63f9-dd941fd28cc7,6284,standard
99cfbfd2-922c-238e-7321-4c10369007f2,6286,standard
11d54789-7e93-c0c4-ffe0-e870acd54068,6287,standard
3cb73a7f-0f71-70df-8b08-43515d251fcc,6289,standard
04e95bdd-1427-054a-6b3e-d6e0706d5b1a,6293,standard
955e0ab4-71d0-b236-3a89-bc348a16490d,6295,standard
8e2ae6ef-5c1b-e6fb-f957-9e03121da06f,6299,standard
bb19a727-45b3-2131-ad9d-93da71fa77b0,6300,standard
a557766f-4c24-4cc1-4f04-3ad6f39f1688,6302,standard
2d75d0c0-0928-9758-233e-a9f4135fa04e,6303,standard
3119cc42-6e9d-7bc4-c8ef-7037107832fc,6304,standard
a3c23240-7328-f604-41df-37db071f3b5c,6307,standard
074d6868-4241-ed3e-c96e-b90cec8843f4,6310,standard
2aeccd5d-8925-a597-a0ea-80e7b40627f7,6312,standard
1e3b175e-6f94-be3b-1e30-06902c987ab3,6313,standard
49159f39-7003-5bb4-0393-c7e104913af9,6317,standard
450c0969-1dea-0b12-55ad-ab691a7d2ad7,6321,standard
85cdbd1b-5f6e-d808-eb2d-b9f07545a09d,6323,standard
af842155-27bb-2368-4336-4fe52f978925,6327,standard
38192d04-f653-9de0-03b9-10e548690b1f,6330,standard
6e0a7c86-4f11-39c7-b111-e71ef6e10c08,6331,standard
1a68492f-7bbd-8954-b026-ce2806817563,6340,standard
0e2cc386-3dce-9020-13ce-2ed7e3019f5a,6342,standard
72029d66-6b9a-53cf-6fc0-f6e2fd7d9a1e,6349,standard
1d353567-13ba-6dba-3f17-b80a452b9d5f,6351,standard
795ff4c7-8880-87be-a9a7-f71d48a8745e,6352,standard
dbcb910b-624b-335c-b993-7dc64a0dd39a,6354,standard
32b129ae-7f5e-11ea-7043-8678b8d8f848,6355,standard
c49b2897-16fd-855a-b877-2a1e14e84346,6359,standard
f98a30b2-2c30-d201-f106-9d63dc3f331f,6367,standard
01a24fe0-b03f-d19d-5db7-97c364aa64a8,6368,standard
6b1b43d1-8528-5645-36fd-d568f9d8ccb6,6369,standard
716d84c5-9dab-8297-943c-9c71bf8b2ef2,6371,standard
04338d1a-7909-c3ee-d55f-c992ccd31873,6372,standard
b01e6976-8aa2-76b7-146a-39233797f5d9,6373,standard
51661347-2746-1190-da2b-b7909fd0a000,6374,standard
2fa07f80-753f-50a8-5b3e-7dc59733a297,6375,standard
781fa0f1-7cb6-8fa5-ea38-249c6160cb67,6376,standard
96a8abfb-5d6e-e7ba-c1f0-a8695dbe55d7,6378,standard
2b715dce-5218-40d9-a169-e751fc49cb67,6382,standard
b3c1f297-0113-c98a-e5ca-e8bf7974229f,6387,standard
af5e9175-cf48-940d-fc58-44cf4adb3792,6389,standard
a78ac4b0-aefb-00d9-03d6-c99f8101a887,6390,standard
de9af33a-b0fa-8bf0-c006-d872ea01cc60,6391,standard
41119dbf-dd2f-2f89-db54-5e28f3137a1d,6401,standard
e4e3f881-a0ab-655e-0d33-8d4c34c45b3e,6402,standard
4ce7b236-a333-407b-c95e-b70705ba3856,6404,standard
ebbf594d-b9ea-f84f-66a8-1822e71178e5,6405,standard
df360f8f-925b-9da4-196a-5a3be2ad98f2,6407,standard
cd96111c-3be2-fabc-38c6-7175c68908ff,6408,standard
60c236d9-167f-ee31-0c88-925a48296986,6409,standard
8ccc741a-c6ca-f10a-2689-d47421b436d9,6413,standard
8d059f31-c5bf-3659-4fce-8ad71a8d1953,6414,standard
ba0a367b-d825-9701-aec6-eae9440abd21,6415,standard
e898d9bf-0ab0-84f6-f9bd-5ae6f7ca13ba,6418,standard
3b6bc914-aa10-27ff-f6c5-bc3693824e70,6419,standard
bfe9a0c5-0602-e705-ca72-71a17641ba58,6422,standard
ed947a01-b42b-39c1-cfe0-33c77fc3d1ab,6424,standard
afafbd7a-28bb-ecbf-77f0-a58b85a7de66,6430,standard
61fa8c67-068e-b5cc-2036-32d48aeb4304,6431,standard
23673bb6-55cf-a35f-4ea6-e3d22d1a35a6,6432,standard
a28bd774-5eeb-f9b4-eaa3-efe27b2e05ad,6433,standard
417c8fc8-ef88-8672-88a4-8463423348da,6437,standard
b1bef4ef-292d-cfa7-9e68-77c419ecc032,6444,standard
de8dfc7d-51a4-c9df-db91-9d63bf2a34ca,6449,standard
e23d3b61-d8ab-fb11-dbd5-3bb6dc69f51a,6450,standard
a489fa5e-a25d-2f68-58cd-45d0810789b8,6453,standard
d80ea9c4-bf9b-ec70-1748-61b66157af9f,6454,standard
cc5370e0-a021-fc0d-f66c-f964f8d323d7,6459,standard
461cdb7f-eac2-0895-f284-f8985e78b022,6466,standard
16ad20a7-c12a-e3a6-3c8c-982b016bfb8e,6471,standard
02c5c1ba-3a53-0048-d1e0-e339f3b9643b,6472,standard
466f71c5-1b8b-806e-3012-c0a7a31b3601,6475,standard
446df4c6-f17a-bffd-d024-82c66552e33c,6484,standard
1851d5c8-3037-8a92-cd83-61e0163fd664,6491,standard
3e7a8e88-27ce-34bb-ff6b-f70f27d8d22a,6492,standard
003bcac9-f4ea-1651-4fad-a56c397223c6,6493,standard
807cc17a-831b-d231-9562-822f9bea8185,6499,standard
9c6ca256-a880-7398-b6eb-35d6ce2f29b9,6504,standard
d56957a8-56f5-4f92-6826-5eb0f990e7d7,6505,standard
21e0bac0-e7ec-b9a4-80c1-945a8802fa49,6506,standard
7e433f12-ebcf-bbbc-42de-ca674f55905d,6507,standard
91b33d9a-741e-6ef0-69de-80626110a4f2,6508,standard
775a92c0-1e68-c82e-ca5a-8818661d577c,6510,standard
1198db5e-b4dc-470b-6c75-aa9f5a114f83,6514,standard
fd800408-8ff6-b282-7ac2-395cd95fb435,6516,standard
3a4965a3-95fd-089e-2f60-dca50f00bba8,6518,standard
81345f42-9eaa-4c16-8140-bdeca6ae7d61,6523,standard
266896ab-0f9e-8eb1-8f04-4d8d423f2024,6525,standard
0daff9c7-40e9-6fcd-c9b0-ced186f14f7b,6529,standard
cfd34773-db82-a6ca-aa4e-4073d33f5e0a,6531,standard
fedc1c03-c347-4d7e-dc46-793410df8d3f,6535,standard
ee595967-6dfb-3f09-4d3b-f81373822269,6537,standard
8e6e923f-dd15-88a7-4300-fa1a754b353b,6538,standard
2152e8b2-f123-71a6-4fb6-15cb17ce1cb2,6542,standard
6255042b-6eee-b2c8-d6b3-6e72eb2d110f,6546,standard
be1b23ac-cd1d-93a5-790e-d3aff9a1678c,6552,standard
28e8012a-88c1-5532-3dba-5a64aefeb95e,6553,standard
b5fa24ee-938c-7947-9d99-6f6db72f0c89,6555,standard
6921b029-3c8c-c5e2-043d-59cfca4464b0,6561,standard
4cec62f0-4450-016f-b75b-17106c63ce97,6563,standard
81756879-b4bd-ca4d-4996-2cce00425426,6564,standard
257ab9bf-3d58-1f80-7d6d-b4cf9b5f480c,6566,standard
d00ebf92-ba3f-a3ef-2334-fac6d01c6c16,6567,standard
f91e5ee3-95ee-c7ee-31a8-6db9c3b12ff4,6568,standard
f2c1fb63-a86d-82b0-b3a8-9ba44df1b407,6569,standard
54e2bac3-88a3-97f6-a768-f48941aa5254,6570,standard
5789c98c-826c-8913-5bb6-46d0d03e92f2,6571,standard
117533bb-d305-008f-c73a-bf06dceda6e2,6572,standard
9615716f-6444-55d9-5654-0515763abdf2,6574,standard
12235e12-774f-1e99-d176-b64b46dad672,6575,standard
271b5c1f-d4a4-fa6d-9d49-d98f15eac657,6577,standard
79dd2e15-1357-e63e-acfe-b5373ea505a9,6583,standard
376ead96-5944-7288-2d52-8b53233a3b0f,6586,standard
0ca24aad-9e53-57e2-b816-799254e5743d,6588,standard
23f78171-37aa-7a0f-1d7c-23da565fdabe,6591,standard
66ebfdfc-81ff-a0b1-9baf-690e79cd8528,6592,standard
764c7e2d-61ae-0e16-0c1d-54c8837a5254,6593,standard
b25502b5-fbb0-26af-4c63-f5888bde9961,6594,standard
4ec7e4bd-b400-9a9f-3b59-7ff05badce19,6595,standard
081d6f58-b663-1e73-005f-86046e701925,6598,standard
ba0f3353-cd23-67f3-1dd9-f3a5656b9b30,6600,standard
bf9b2aef-b5b5-c5be-cece-8483fda40922,6601,standard
1f70e633-0d19-e4c5-81f9-302dbecea88b,6602,standard
06ae5d20-b15c-a820-a513-711aaf79c1cc,6607,standard
ba4e250d-c537-d955-e51b-d475287b13d2,6608,standard
59ac791d-eafc-5d36-a1f4-6686d24bdeea,6611,standard
987a39a7-2e69-8301-22d9-49d6699fd17d,6615,standard
278a55a2-0348-736e-2ba5-322c33c67a59,6616,standard
d01aeb05-fac3-8592-8442-30f180b4b5ab,6617,standard
5eeecbf8-85f8-fb10-7158-b3d45ed06792,6620,standard
85f6eb6f-c4c4-c440-880a-38c8218ff520,6622,standard
2264ba7f-491e-6bce-d437-55335ae999b1,6623,standard
04fadd23-b213-9508-5ccd-b936d0711cf7,6627,standard
18605dc7-b708-67cd-e2df-fca99319e1d4,6630,standard
3d370441-b596-d9c0-122d-d65f22a0ddd9,6631,standard
cbd0e06d-9f6a-0c20-4347-5bac92b96bec,6633,standard
0eccb50d-7366-6847-6482-a15453199fec,6635,standard
5bb1ebd6-7528-202a-9c06-dfaa17cf4d1a,6636,standard
7a50355e-907b-c955-1397-b51c79a05aec,6638,standard
6f329e42-9c97-beb6-47a1-299f7e017581,6639,standard
2df5efd0-ff0a-be77-acf5-60c08c6e9c8b,6640,standard
dc389a64-a5c9-1f83-2016-812828c95d5a,6642,standard
cb9ddb05-c8ef-e4d7-a3b5-0486be888c39,6644,standard
ce413a26-41f6-8e55-a3a4-8e072c3a7a63,6645,standard
44fa8d74-a051-0829-17f7-4596b47a6e6a,6646,standard
366602bc-d117-7042-55d8-5e7252bea07f,6651,standard
431e76af-42a2-9ca2-f224-f7c6716f4072,6653,standard
b8a446f2-36b5-b815-fdec-8ad477d82c9b,6654,standard
45251b5c-f77a-f4d6-64bb-795bbee23010,6655,standard
29eadbe1-938f-9351-0956-f1b1b9060e6f,6659,standard
7993e58f-f25a-d557-c9e0-344718b526e2,6663,standard
b63c00e8-d469-8b2e-90a6-960edf2908a0,6665,standard
651b109c-140d-5a85-c479-cb69b9f8495d,6668,standard
17de4578-7c6e-580a-bdc0-dc4d512591fb,6669,standard
4eccb982-3605-c7a8-e896-ca4c99ff4353,6672,standard
82fb30d3-7e08-de4e-8ff6-a402e22e0f37,6673,standard
0bb0437d-e281-cdfb-14c8-a2c2b9785dbd,6674,standard
9f71194c-31b2-98b6-c8d1-b7af416e2534,6678,standard
0b2a991b-1ee5-7971-d4a0-fcbf949dfaba,6679,standard
af106118-0901-3d62-c363-d8100740bc0c,6680,standard
ea78a2d8-d75b-1a43-7864-bb2dc8267a58,6681,standard
f123ef58-77e2-1490-a3fd-25ea6279bf32,6685,standard
68221002-4ef3-f5be-1570-c8a5923efd8b,6703,standard
a359ba4a-62f4-27ce-0b54-f4b9566b34ec,6704,standard
fc76bc90-b2d0-b3dc-71fd-263842c6776d,6706,standard
a424a209-1ca8-b2c2-38d5-1f458e254646,6713,standard
a0c1e2f6-beeb-8131-0c90-448919287e8a,6714,standard
38513cef-dbc3-9b34-b350-a18e7b96051a,6716,standard
9b43689b-95e2-0f69-d307-b50cb80cf125,6719,standard
5c1d6be4-9c50-ee78-664c-8f6c414fd5da,6720,standard
486b5b17-bf90-2896-f868-55ff77e91de6,6721,standard
9ee3c64c-fcac-677b-61d5-71a441573e18,6726,standard
77be4b4c-fb2f-0cb9-1296-b742f2d20b45,6728,standard
21636369-8b52-9b4a-97b7-50923ceb3ffd,0000_classic,standard
795b929e-9a9a-80fd-ea7b-5bf55eb561a4,0000_docked,standard
9b08923d-10c6-7fd9-94b2-b8fda02f34a6,0000_electric,electric
