zip_code_uuid,zip_code,median_household_income,household_income_200000_to_more,household_income_150000_to_199999,household_income_125000_to_149999,household_income_100000_to_124999,household_income_75000_to_99999,household_income_60000_to_74999,household_income_50000_to_59999,household_income_45000_to_49999,household_income_40000_to_44999,household_income_35000_to_39999,household_income_30000_to_34999,household_income_25000_to_29999,household_income_20000_to_24999,household_income_15000_to_19999,household_income_10000_to_14999,household_income_1_to_9999,transportation_work_home_office,transportation_work_taxicab_motorcycle_or_other_means,transportation_work_walked,transportation_work_bicycle,transportation_work_public_transportation,transportation_work_car_truck_van,individual_with_income,individual_no_income,widowed,separated,divorced,married,never_married,median_age_female,median_age_male,median_age,population_hipanic_or_latino,population_two_or_more_races,population_other_race,population_native_hawaiian_and_other_pacific_islander,population_asian,population_american_indian_and_alaska_native,population_black,population_white,population_female,population_male,population
5bc8fbbc-bde5-c099-4164-d8399f767c45,90017,51317.0,956.0,675.0,688.0,846.0,1739.0,1382.0,915.0,441.0,442.0,477.0,811.0,670.0,458.0,691.0,1248.0,1709.0,2509.0,193.0,1962.0,176.0,3323.0,7344.0,20693.0,3836.0,868.0,566.0,1948.0,6125.0,15022.0,32.6,33.2,32.9,16351.0,2644.0,11047.0,0.0,5312.0,328.0,3782.0,5868.0,14275.0,14706.0,28981.0
d76d4330-f144-6bea-b0c1-1fdecb91ce37,90071,107903.06366129576,0.0,0.0,0.0,0.0,0.0,0.0,0.0,0.0,0.0,0.0,0.0,0.0,0.0,0.0,0.0,0.0,43.0,0.0,0.0,0.0,44.0,0.0,218.0,86.0,44.0,0.0,0.0,0.0,260.0,25.175273972900516,55.0,41.962871431330186,130.0,87.0,87.0,0.0,0.0,0.0,86.0,44.0,131.0,173.0,304.0
87b0b125-ec1d-7da0-a6eb-8c9ebd69fe29,90014,33822.0,751.0,263.0,281.0,454.0,481.0,301.0,230.0,165.0,116.0,142.0,185.0,279.0,196.0,335.0,1078.0,1193.0,1308.0,331.0,560.0,37.0,478.0,2007.0,8368.0,652.0,496.0,525.0,984.0,1854.0,5161.0,36.2,40.7,39.2,2173.0,1120.0,1074.0,18.0,2149.0,33.0,2081.0,3065.0,4192.0,5348.0,9540.0
c6a53877-7733-0bdb-d721-0dff076ce2ef,90079,0.0,0.0,0.0,0.0,0.0,0.0,0.0,0.0,0.0,0.0,0.0,0.0,0.0,0.0,0.0,0.0,0.0,0.0,0.0,0.0,0.0,0.0,0.0,0.0,0.0,0.0,0.0,0.0,0.0,0.0,0.0,0.0,0.0,0.0,0.0,0.0,0.0,0.0,0.0,0.0,0.0,0.0,0.0,0.0
0d464138-a623-3255-3fc1-ea36f17fd374,90012,67635.0,1413.0,1412.0,1172.0,1500.0,1629.0,1061.0,599.0,303.0,434.0,437.0,402.0,391.0,803.0,964.0,1605.0,1111.0,3881.0,313.0,1230.0,109.0,1335.0,9829.0,26339.0,8802.0,1898.0,1030.0,3115.0,9510.0,19588.0,37.9,35.0,36.1,10684.0,3891.0,6623.0,51.0,13265.0,347.0,4723.0,8563.0,14754.0,22709.0,37463.0
5f2dd97f-1cfb-10f6-2827-688de6a16a3b,90013,32848.0,920.0,530.0,413.0,490.0,683.0,300.0,256.0,231.0,138.0,124.0,250.0,257.0,446.0,405.0,1432.0,1524.0,1500.0,254.0,993.0,27.0,917.0,3046.0,12657.0,1928.0,778.0,676.0,1799.0,2530.0,8802.0,39.3,44.3,42.4,3661.0,2485.0,1155.0,82.0,2834.0,220.0,3461.0,4654.0,6163.0,8728.0,14891.0
617959ce-3f1f-65a8-de52-71007814e8a2,90015,63211.0,1748.0,1317.0,769.0,1147.0,1005.0,935.0,878.0,159.0,318.0,351.0,334.0,390.0,379.0,535.0,802.0,2113.0,3119.0,382.0,1564.0,129.0,1594.0,7215.0,18701.0,3678.0,631.0,346.0,1640.0,7133.0,12629.0,31.1,34.9,32.6,11442.0,2929.0,6158.0,0.0,6101.0,947.0,2375.0,6747.0,11706.0,13551.0,25257.0
3fd42359-92ed-cf45-1a1a-fe878b33e968,90021,32250.0,155.0,53.0,0.0,32.0,67.0,101.0,143.0,10.0,100.0,69.0,108.0,89.0,63.0,59.0,203.0,289.0,336.0,60.0,51.0,57.0,244.0,542.0,2235.0,500.0,90.0,134.0,462.0,583.0,1466.0,39.5,40.1,39.8,1523.0,477.0,992.0,0.0,170.0,45.0,668.0,800.0,1547.0,1605.0,3152.0
687c966c-377b-9aa2-bb2e-db20035b7399,90291,119043.0,4348.0,1543.0,960.0,1212.0,1542.0,884.0,663.0,113.0,272.0,387.0,241.0,229.0,351.0,267.0,556.0,679.0,6650.0,267.0,516.0,489.0,379.0,7291.0,21279.0,2069.0,480.0,402.0,2195.0,8548.0,11723.0,39.8,40.5,40.1,3681.0,2946.0,1520.0,45.0,1503.0,211.0,1465.0,18048.0,12639.0,13099.0,25738.0
de11cc9d-ea95-9c21-2e9c-82b1478c281d,90405,114489.0,4041.0,1746.0,820.0,1284.0,982.0,864.0,477.0,264.0,201.0,493.0,420.0,389.0,324.0,290.0,276.0,1101.0,4551.0,225.0,898.0,339.0,353.0,8069.0,20459.0,2945.0,745.0,299.0,2780.0,8669.0,10911.0,43.5,40.9,42.2,3975.0,3279.0,798.0,0.0,2112.0,139.0,1125.0,19356.0,14085.0,12724.0,26809.0
c30d8b76-28db-d25e-63b2-29f1c4069545,90292,136964.0,4333.0,1647.0,1203.0,1333.0,1154.0,601.0,143.0,157.0,319.0,284.0,317.0,498.0,540.0,84.0,255.0,330.0,6482.0,362.0,378.0,92.0,136.0,7576.0,20135.0,1005.0,836.0,411.0,1980.0,8280.0,9633.0,38.7,39.3,38.9,2793.0,2988.0,696.0,62.0,2217.0,0.0,1551.0,16170.0,12493.0,11191.0,23684.0
9e30691c-2386-42ea-126a-1e48cc11d357,90401,106704.0,1141.0,426.0,503.0,548.0,347.0,294.0,130.0,81.0,85.0,38.0,57.0,191.0,138.0,126.0,303.0,534.0,1677.0,167.0,580.0,109.0,181.0,2389.0,6786.0,768.0,238.0,43.0,842.0,2259.0,4172.0,36.2,36.9,36.4,812.0,1084.0,172.0,0.0,504.0,20.0,348.0,5797.0,3794.0,4131.0,7925.0
21da8978-206f-5c66-71e0-c07e9e115e4b,90404,85081.0,2257.0,969.0,553.0,896.0,1117.0,843.0,550.0,407.0,301.0,300.0,182.0,374.0,335.0,195.0,573.0,660.0,4057.0,189.0,478.0,424.0,424.0,6284.0,17768.0,2509.0,1189.0,314.0,2147.0,6987.0,9640.0,43.7,40.3,41.2,6204.0,3863.0,2034.0,0.0,2466.0,131.0,2277.0,12110.0,11925.0,10956.0,22881.0
015c33b2-df14-61aa-f8eb-18b900745130,90026,85835.0,4328.0,2245.0,1969.0,2663.0,3488.0,2349.0,1712.0,669.0,889.0,741.0,886.0,694.0,1033.0,710.0,797.0,1288.0,8133.0,1047.0,1196.0,294.0,3568.0,21654.0,48432.0,6731.0,1642.0,1094.0,4279.0,16950.0,31198.0,36.2,37.4,36.9,29062.0,8272.0,18416.0,354.0,8514.0,826.0,2389.0,24131.0,31286.0,31616.0,62902.0
f5cae3bf-3729-c619-c60a-3cab359eeefb,90007,36032.0,459.0,399.0,498.0,816.0,1031.0,802.0,759.0,540.0,429.0,554.0,583.0,974.0,553.0,699.0,1044.0,2311.0,2139.0,358.0,2652.0,574.0,2335.0,8668.0,26707.0,8625.0,874.0,851.0,1748.0,6746.0,25113.0,26.2,24.8,25.5,20643.0,5636.0,10860.0,141.0,7315.0,445.0,3354.0,11502.0,19380.0,19873.0,39253.0
2a9eba0c-df56-1d80-2a75-9159fb7ff337,90006,49847.0,812.0,841.0,745.0,956.0,2683.0,2177.0,1403.0,670.0,1245.0,1060.0,971.0,820.0,1068.0,1056.0,1355.0,1406.0,2372.0,303.0,692.0,208.0,6205.0,16837.0,36937.0,9780.0,2205.0,1161.0,3277.0,15512.0,24562.0,38.3,35.8,36.8,39104.0,8060.0,24708.0,58.0,10497.0,991.0,1889.0,8989.0,27658.0,27534.0,55192.0
32ea6928-f623-6bf2-504b-74ba4a0fe75d,90094,159904.0,2415.0,907.0,567.0,606.0,403.0,110.0,101.0,40.0,90.0,175.0,27.0,52.0,118.0,128.0,82.0,254.0,2328.0,151.0,113.0,37.0,0.0,4188.0,8931.0,1002.0,302.0,133.0,947.0,5136.0,3415.0,34.6,38.6,37.0,1530.0,1755.0,394.0,0.0,2051.0,0.0,1016.0,6911.0,6393.0,5734.0,12127.0
a02fdaa1-ad86-4c44-e049-548e8a0a8c96,90057,44876.0,560.0,537.0,477.0,845.0,2032.0,1765.0,1156.0,952.0,736.0,846.0,1068.0,1156.0,649.0,564.0,1513.0,1832.0,1341.0,274.0,1083.0,176.0,7215.0,11875.0,29593.0,7295.0,1798.0,1377.0,2508.0,10509.0,20696.0,36.1,33.7,34.7,31113.0,4810.0,19835.0,44.0,8204.0,1849.0,3117.0,7689.0,21764.0,23784.0,45548.0
f7f35634-f0e3-cd97-2e81-d66d346c6e2b,90029,60793.0,1067.0,1018.0,791.0,1097.0,1508.0,1132.0,936.0,325.0,543.0,632.0,447.0,457.0,488.0,685.0,1081.0,882.0,2549.0,404.0,708.0,111.0,3247.0,10312.0,26013.0,4140.0,1439.0,837.0,1832.0,10817.0,15228.0,38.9,36.4,37.4,16548.0,3293.0,12070.0,11.0,5836.0,355.0,1512.0,10753.0,16253.0,17577.0,33830.0
f7108e96-f770-c226-3266-aa3bb0cde917,90004,62655.0,2702.0,1664.0,1178.0,1728.0,2791.0,2324.0,1913.0,1167.0,1089.0,1135.0,811.0,884.0,951.0,753.0,1196.0,1449.0,5121.0,803.0,894.0,223.0,4386.0,19781.0,42164.0,7418.0,1991.0,1067.0,3785.0,18772.0,23967.0,37.7,36.0,36.8,27055.0,6309.0,17953.0,51.0,14836.0,800.0,2668.0,16227.0,29485.0,29359.0,58844.0
0585a01c-4c7d-6df0-621a-ef57e4cc4132,90005,52755.0,1265.0,1024.0,751.0,1267.0,1756.0,1655.0,1309.0,764.0,680.0,707.0,646.0,1020.0,915.0,703.0,1475.0,1540.0,2877.0,443.0,802.0,153.0,4242.0,12517.0,27614.0,5836.0,1705.0,1171.0,1922.0,11128.0,17524.0,36.4,34.4,35.4,18498.0,5642.0,10465.0,9.0,12624.0,676.0,2150.0,7181.0,19398.0,19349.0,38747.0
ef901b93-2a7c-1880-6a37-53915c76f18a,90039,105578.0,3038.0,1376.0,1016.0,983.0,1519.0,1108.0,795.0,355.0,234.0,246.0,328.0,247.0,207.0,230.0,323.0,346.0,4927.0,243.0,273.0,77.0,417.0,10178.0,22968.0,2554.0,1238.0,698.0,2057.0,9984.0,11545.0,40.2,41.0,40.6,8976.0,4135.0,4017.0,0.0,5500.0,269.0,533.0,14118.0,13676.0,14896.0,28572.0
54f46a69-10ac-ff00-4389-2dfc254cb864,90027,90532.0,3913.0,2353.0,1584.0,2164.0,2125.0,1588.0,1111.0,461.0,580.0,744.0,590.0,593.0,737.0,610.0,1370.0,1213.0,8686.0,303.0,2598.0,228.0,1769.0,13157.0,37935.0,3387.0,2036.0,842.0,3811.0,14446.0,20187.0,38.5,38.0,38.2,10402.0,4591.0,5181.0,31.0,5563.0,236.0,1945.0,28502.0,22622.0,23427.0,46049.0
960d5a8f-9a65-6aaf-d141-25844d25deb3,90028,59393.0,1448.0,814.0,1141.0,1710.0,1844.0,1677.0,1604.0,442.0,456.0,698.0,538.0,819.0,759.0,876.0,1174.0,1643.0,4310.0,449.0,1393.0,101.0,2223.0,9957.0,26192.0,3202.0,962.0,762.0,2094.0,7392.0,18184.0,34.1,36.3,35.2,9513.0,3813.0,5434.0,11.0,4202.0,520.0,2700.0,14761.0,14660.0,16781.0,31441.0
b52a43ab-ad8d-194a-9892-139600ddb74d,90038,61566.0,999.0,1009.0,896.0,1025.0,1570.0,1334.0,748.0,435.0,633.0,588.0,494.0,723.0,583.0,435.0,965.0,907.0,3072.0,514.0,841.0,170.0,2253.0,10307.0,22345.0,2900.0,848.0,651.0,1922.0,6069.0,15755.0,32.6,35.6,34.2,13532.0,4065.0,8029.0,102.0,2176.0,460.0,1944.0,11031.0,13032.0,14775.0,27807.0
5af84e6b-4f59-6727-10e6-d8e6568068b9,90024,79994.0,3939.0,1280.0,698.0,1241.0,1602.0,1115.0,597.0,322.0,525.0,521.0,426.0,668.0,876.0,470.0,706.0,1861.0,5473.0,453.0,5981.0,289.0,476.0,8284.0,37916.0,10054.0,1665.0,282.0,2399.0,10503.0,33121.0,22.2,24.7,22.9,6818.0,4529.0,3015.0,170.0,13825.0,187.0,2332.0,26772.0,29269.0,21561.0,50830.0
b2489191-7b12-1dc5-4e5a-3a26d18a669a,90064,129703.0,4198.0,1187.0,678.0,1125.0,1162.0,826.0,384.0,292.0,266.0,178.0,226.0,169.0,216.0,204.0,330.0,366.0,4280.0,137.0,316.0,124.0,444.0,9050.0,20194.0,1957.0,1011.0,245.0,1860.0,11169.0,7866.0,41.1,37.1,39.2,3702.0,3656.0,1497.0,64.0,5010.0,46.0,986.0,15235.0,13240.0,13254.0,26494.0
78f845f5-7b31-20df-2f4d-4c8650d7d13f,90025,104627.0,5717.0,2666.0,1607.0,1844.0,2628.0,1915.0,1055.0,226.0,332.0,705.0,626.0,435.0,740.0,639.0,545.0,1195.0,8311.0,512.0,1515.0,968.0,1425.0,15202.0,36696.0,4387.0,1122.0,439.0,3467.0,14406.0,21649.0,36.6,33.1,34.7,6785.0,4445.0,3028.0,30.0,9454.0,78.0,1711.0,26492.0,22174.0,23064.0,45238.0
419521fe-0e97-9cf3-2d16-34b4b4653252,90046,94259.0,6294.0,2430.0,1865.0,2805.0,3864.0,1806.0,1372.0,646.0,883.0,740.0,705.0,787.0,1044.0,618.0,962.0,1895.0,8563.0,1015.0,883.0,279.0,1134.0,19459.0,42608.0,3050.0,1272.0,440.0,4905.0,14026.0,25015.0,37.6,40.3,38.9,8008.0,6401.0,2347.0,66.0,3408.0,235.0,2687.0,33761.0,23381.0,25524.0,48905.0
f3001cee-05da-8467-f063-13fff9a01fe8,90293,130699.0,1849.0,1068.0,523.0,711.0,702.0,624.0,103.0,145.0,217.0,8.0,89.0,57.0,104.0,101.0,97.0,175.0,2446.0,123.0,42.0,27.0,63.0,4864.0,10967.0,811.0,203.0,164.0,1397.0,5212.0,4802.0,46.6,37.8,41.1,2456.0,1324.0,573.0,10.0,1629.0,47.0,540.0,8661.0,6028.0,6756.0,12784.0
677fd139-d84a-1d3a-5b8e-8fb2bff29101,90034,103082.0,4478.0,3415.0,2070.0,3429.0,3128.0,1942.0,1467.0,458.0,839.0,1186.0,672.0,584.0,472.0,351.0,328.0,809.0,8954.0,631.0,859.0,414.0,2246.0,21662.0,43096.0,5380.0,1593.0,473.0,3773.0,16435.0,26202.0,35.1,33.8,34.4,14126.0,7330.0,6755.0,129.0,10124.0,543.0,5329.0,24910.0,28743.0,26377.0,55120.0
6b384309-c9a9-37a6-8c8f-95ef04a012e8,90066,107786.0,6318.0,2574.0,1964.0,2583.0,2589.0,2083.0,1163.0,580.0,472.0,361.0,488.0,686.0,583.0,627.0,640.0,1156.0,8554.0,484.0,789.0,401.0,881.0,19768.0,42406.0,5050.0,1942.0,871.0,3889.0,21288.0,19466.0,38.1,39.1,38.5,13600.0,7322.0,5643.0,40.0,8699.0,439.0,2682.0,30150.0,28126.0,26849.0,54975.0
d75b1e24-9419-cf4d-6059-7bdc5dbe4409,90230,106827.0,3563.0,1410.0,900.0,1229.0,1789.0,782.0,655.0,171.0,320.0,269.0,248.0,300.0,397.0,410.0,286.0,514.0,4257.0,286.0,196.0,266.0,316.0,10783.0,22623.0,2795.0,991.0,268.0,2950.0,12740.0,8469.0,43.1,38.1,40.6,9462.0,6311.0,2623.0,86.0,5275.0,80.0,2530.0,14665.0,17069.0,14501.0,31570.0
b52fa53c-0bf6-4ef7-73ec-28d00252f615,91606,66884.0,1166.0,1181.0,1009.0,1565.0,2032.0,1464.0,1106.0,489.0,415.0,683.0,780.0,698.0,815.0,610.0,761.0,815.0,3522.0,395.0,387.0,44.0,1453.0,15836.0,30664.0,5430.0,1814.0,963.0,3003.0,14240.0,16074.0,38.8,36.9,37.8,22828.0,8242.0,11449.0,0.0,2055.0,505.0,2151.0,18800.0,21642.0,21560.0,43202.0
f453324e-f486-ab73-9fab-a8272e50bd4e,91607,84925.0,1974.0,1771.0,862.0,1354.0,1791.0,1330.0,737.0,326.0,364.0,181.0,300.0,479.0,601.0,498.0,502.0,859.0,3823.0,231.0,156.0,73.0,409.0,11704.0,24006.0,2330.0,747.0,595.0,2858.0,10896.0,11240.0,38.1,38.3,38.2,6613.0,4615.0,2641.0,35.0,2430.0,164.0,2297.0,18736.0,16024.0,14894.0,30918.0
3eff8b3f-c177-f113-1e78-2196324f3e81,91601,77540.0,1847.0,1411.0,1312.0,2057.0,2977.0,1384.0,1098.0,650.0,944.0,672.0,436.0,571.0,606.0,586.0,887.0,1294.0,5727.0,382.0,324.0,168.0,1105.0,14325.0,29828.0,3228.0,1227.0,729.0,2762.0,9955.0,18383.0,33.2,35.2,34.1,12202.0,5186.0,5501.0,61.0,3170.0,137.0,4114.0,18864.0,19235.0,17798.0,37033.0
76531737-f129-c8c6-d1ca-4dc4edfde416,91602,97994.0,1884.0,974.0,600.0,1444.0,1318.0,809.0,707.0,179.0,220.0,191.0,434.0,86.0,294.0,287.0,154.0,483.0,3274.0,103.0,217.0,82.0,261.0,8490.0,16015.0,1586.0,284.0,329.0,1962.0,6718.0,8308.0,39.0,39.0,39.0,3864.0,2661.0,1726.0,47.0,1909.0,123.0,1387.0,11907.0,10039.0,9721.0,19760.0
e488b6c8-5ad3-ba32-8332-f05a58296818,22202,141933.0,3978.0,3008.0,1506.0,1678.0,1705.0,801.0,632.0,238.0,229.0,299.0,251.0,86.0,89.0,223.0,314.0,667.0,6066.0,573.0,1197.0,238.0,4389.0,6846.0,23502.0,1432.0,772.0,262.0,2352.0,9562.0,11986.0,34.8,36.1,35.4,3318.0,2971.0,802.0,0.0,4150.0,114.0,3718.0,15597.0,13732.0,13620.0,27352.0
767d5274-c68d-eb5d-403a-960a8652dbd0,22211,234250.0,16.0,0.0,9.0,0.0,0.0,0.0,0.0,0.0,0.0,0.0,0.0,0.0,0.0,0.0,0.0,0.0,184.0,0.0,625.0,0.0,0.0,203.0,1020.0,57.0,0.0,14.0,4.0,157.0,902.0,20.3,21.5,21.0,250.0,227.0,50.0,0.0,16.0,0.0,165.0,628.0,165.0,921.0,1086.0
c7eec61b-bf97-03c0-96fa-bb7b1ba95a54,22305,109124.0,1781.0,938.0,507.0,1109.0,1043.0,279.0,287.0,123.0,263.0,205.0,156.0,198.0,252.0,97.0,201.0,230.0,2555.0,280.0,349.0,180.0,2032.0,5760.0,13460.0,745.0,492.0,640.0,877.0,5739.0,6457.0,33.2,34.1,33.8,6306.0,3173.0,2435.0,0.0,740.0,453.0,2371.0,8549.0,8590.0,9131.0,17721.0
4bbdbb01-dc14-ed57-5e07-30b3cc170c31,22209,110824.0,2006.0,1083.0,530.0,944.0,1182.0,580.0,226.0,77.0,43.0,154.0,238.0,122.0,112.0,215.0,83.0,590.0,2851.0,228.0,740.0,133.0,2416.0,2745.0,11573.0,1066.0,231.0,101.0,1045.0,4659.0,6603.0,32.3,33.2,32.9,1816.0,1464.0,703.0,0.0,2287.0,7.0,869.0,8395.0,6835.0,6890.0,13725.0
fa749692-f21f-f5eb-6ed7-8f5d0960afe9,22201,141736.0,6109.0,3500.0,1862.0,2016.0,2483.0,1088.0,472.0,265.0,177.0,260.0,193.0,125.0,157.0,148.0,350.0,836.0,9649.0,281.0,1602.0,328.0,6573.0,8971.0,31997.0,2045.0,398.0,205.0,1642.0,12635.0,19162.0,31.2,31.6,31.4,4501.0,3677.0,1606.0,0.0,4402.0,214.0,1375.0,27145.0,18471.0,19948.0,38419.0
834c1b69-573a-c59a-355f-2af41757905e,22206,136472.0,2829.0,2043.0,1106.0,1440.0,1097.0,523.0,338.0,251.0,210.0,128.0,141.0,318.0,158.0,142.0,129.0,133.0,4107.0,271.0,146.0,141.0,1190.0,8130.0,16689.0,1110.0,247.0,352.0,2056.0,6590.0,8554.0,36.6,34.7,35.8,3752.0,2422.0,1376.0,25.0,1389.0,76.0,2606.0,12784.0,10766.0,9912.0,20678.0
25f02628-eb07-c30d-5cd5-061c9c5f319e,22204,109277.0,5325.0,2743.0,1981.0,2699.0,2612.0,1346.0,1305.0,455.0,874.0,275.0,627.0,653.0,464.0,319.0,564.0,698.0,7400.0,852.0,687.0,386.0,4016.0,17489.0,38574.0,3801.0,1319.0,556.0,4154.0,18421.0,17925.0,36.2,35.9,36.1,13258.0,7096.0,5089.0,15.0,5671.0,436.0,9286.0,24378.0,25855.0,26116.0,51971.0
b3de08f9-ec98-3704-4692-ba0357079670,22203,132402.0,3905.0,2086.0,1031.0,1098.0,1397.0,647.0,509.0,160.0,74.0,202.0,176.0,189.0,374.0,507.0,426.0,660.0,5814.0,235.0,895.0,73.0,2749.0,6819.0,21024.0,1511.0,862.0,233.0,2135.0,7790.0,11515.0,34.5,33.0,33.7,4236.0,2697.0,1905.0,32.0,3097.0,165.0,2147.0,15878.0,13126.0,12795.0,25921.0
af9b74f8-4ffc-bf42-1792-1e6c8b8e8f4e,22314,144359.0,6731.0,2652.0,1878.0,1910.0,1988.0,825.0,776.0,396.0,326.0,339.0,139.0,212.0,418.0,326.0,229.0,560.0,7734.0,373.0,1005.0,116.0,3046.0,11196.0,30036.0,2018.0,1322.0,473.0,2816.0,14403.0,13040.0,40.0,38.9,39.5,3413.0,2967.0,867.0,0.0,1825.0,155.0,5548.0,24334.0,18641.0,17055.0,35696.0
cc7c6d81-2d6f-2efc-4e61-3a365119cdcc,20037,98917.0,1823.0,691.0,630.0,442.0,1075.0,330.0,96.0,237.0,117.0,142.0,106.0,143.0,58.0,238.0,206.0,968.0,2824.0,162.0,2550.0,107.0,860.0,796.0,10644.0,1531.0,289.0,92.0,899.0,2878.0,8017.0,30.6,31.5,31.3,1685.0,1331.0,228.0,16.0,1316.0,37.0,984.0,8529.0,6761.0,5680.0,12441.0
b89c4e56-261c-374b-a076-57d61404ab1e,22301,188211.0,2883.0,715.0,388.0,538.0,588.0,261.0,73.0,20.0,189.0,138.0,57.0,25.0,37.0,32.0,94.0,53.0,2938.0,108.0,178.0,294.0,1030.0,4373.0,10554.0,769.0,119.0,149.0,975.0,6285.0,3795.0,37.0,36.8,36.9,1185.0,1479.0,169.0,8.0,475.0,7.0,1267.0,10425.0,6905.0,6925.0,13830.0
7bd9e8a1-ff29-7d0e-4f2e-84fcb06dbee0,20006,36019.0,59.0,42.0,19.0,34.0,61.0,26.0,35.0,4.0,40.0,103.0,17.0,0.0,0.0,75.0,58.0,189.0,100.0,0.0,367.0,12.0,46.0,32.0,1113.0,204.0,0.0,0.0,21.0,98.0,1198.0,22.9,26.9,25.4,148.0,109.0,3.0,0.0,533.0,16.0,100.0,574.0,717.0,618.0,1335.0
14b9adb5-0c6d-ea3d-b85a-5cd22959fea3,20009,140555.0,8994.0,4590.0,2547.0,2616.0,3375.0,1666.0,1034.0,203.0,390.0,591.0,320.0,143.0,387.0,611.0,542.0,1166.0,10908.0,878.0,6691.0,2325.0,9335.0,6637.0,43249.0,1835.0,765.0,403.0,2919.0,13190.0,27807.0,33.5,34.7,34.2,7655.0,6783.0,1954.0,85.0,3042.0,44.0,7778.0,30311.0,25174.0,24823.0,49997.0
ec717f15-8895-787f-99c4-258bfc985000,20010,110260.0,3976.0,1630.0,1030.0,1221.0,1713.0,1210.0,544.0,517.0,168.0,265.0,354.0,211.0,117.0,281.0,568.0,658.0,6855.0,492.0,1279.0,1054.0,5278.0,4435.0,23695.0,2044.0,486.0,223.0,1883.0,8614.0,14533.0,32.7,33.2,32.9,9112.0,3967.0,4756.0,0.0,1911.0,197.0,6758.0,14002.0,15663.0,15928.0,31591.0
bd953dc2-3cc2-1779-0825-c7cc67e84707,20260,0.0,0.0,0.0,0.0,0.0,0.0,0.0,0.0,0.0,0.0,0.0,0.0,0.0,0.0,0.0,0.0,0.0,0.0,0.0,0.0,0.0,0.0,0.0,0.0,0.0,0.0,0.0,0.0,0.0,0.0,0.0,0.0,0.0,0.0,0.0,0.0,0.0,0.0,0.0,0.0,0.0,0.0,0.0,0.0
400db00d-d388-1a50-5805-6ed0980dc6ff,20001,138730.0,7817.0,3445.0,1740.0,2178.0,1818.0,1221.0,519.0,393.0,193.0,438.0,699.0,352.0,238.0,440.0,765.0,1575.0,10555.0,829.0,5402.0,1671.0,5653.0,6979.0,37856.0,2810.0,839.0,342.0,2793.0,10487.0,26205.0,31.3,34.0,32.8,4815.0,3474.0,1978.0,57.0,3312.0,96.0,13334.0,21771.0,22041.0,21981.0,44022.0
2547f19c-6bf8-4914-a6a5-bc9974a677c6,20005,111960.0,2376.0,1009.0,553.0,876.0,926.0,826.0,370.0,203.0,99.0,182.0,207.0,83.0,91.0,378.0,156.0,356.0,3170.0,361.0,3062.0,336.0,1491.0,1381.0,11678.0,548.0,157.0,249.0,1390.0,2923.0,7507.0,34.3,36.7,35.2,2191.0,1295.0,812.0,10.0,1115.0,292.0,1677.0,7759.0,6374.0,6586.0,12960.0
a36939ef-ea83-854a-faa3-0fac0e42d43c,20036,105800.0,921.0,357.0,215.0,705.0,533.0,376.0,101.0,32.0,40.0,14.0,17.0,60.0,28.0,61.0,85.0,244.0,1007.0,117.0,1031.0,237.0,964.0,314.0,4335.0,221.0,121.0,0.0,214.0,941.0,3280.0,33.4,38.6,35.2,447.0,374.0,46.0,0.0,777.0,3.0,124.0,3311.0,2475.0,2160.0,4635.0
558d2adb-7e5a-3930-cd39-e15808606af8,20003,159604.0,6996.0,3014.0,1600.0,1872.0,1729.0,1011.0,323.0,261.0,285.0,127.0,208.0,54.0,109.0,144.0,326.0,776.0,7613.0,696.0,3110.0,620.0,5888.0,5891.0,29581.0,3036.0,640.0,270.0,2259.0,12264.0,17184.0,34.4,34.9,34.6,2283.0,2121.0,656.0,0.0,1614.0,124.0,8447.0,23232.0,17332.0,18862.0,36194.0
fb368220-216d-27a2-3501-e088d6a34d3e,20004,161359.0,506.0,163.0,109.0,177.0,107.0,111.0,16.0,8.0,0.0,7.0,0.0,0.0,14.0,0.0,0.0,33.0,342.0,46.0,570.0,0.0,303.0,154.0,1617.0,101.0,35.0,0.0,142.0,682.0,859.0,36.8,43.6,42.4,232.0,115.0,13.0,0.0,69.0,0.0,170.0,1389.0,728.0,1028.0,1756.0
21fdac3a-f325-ffbe-9065-6c8fbb4e5c11,20007,142783.0,4514.0,1198.0,987.0,1067.0,1298.0,631.0,271.0,214.0,118.0,181.0,312.0,74.0,154.0,95.0,243.0,492.0,4576.0,255.0,1993.0,720.0,1458.0,4661.0,18927.0,1822.0,902.0,176.0,1407.0,8996.0,9268.0,37.5,39.6,38.4,2591.0,2549.0,784.0,34.0,1392.0,32.0,1714.0,17191.0,12307.0,11389.0,23696.0
69f0441e-c9ba-fe62-e580-c35ea161d909,20008,123653.0,4958.0,2092.0,1203.0,1592.0,2132.0,1242.0,521.0,323.0,340.0,323.0,90.0,104.0,472.0,249.0,361.0,699.0,6190.0,433.0,968.0,359.0,4988.0,4667.0,23944.0,1580.0,975.0,163.0,2330.0,10423.0,11633.0,37.3,42.1,39.5,3278.0,2639.0,717.0,9.0,2032.0,140.0,2955.0,20251.0,16262.0,12481.0,28743.0
5f7cc5d8-6f3f-0240-2b37-d8171b4c24c2,20016,179107.0,6293.0,1591.0,717.0,1144.0,922.0,762.0,347.0,76.0,279.0,130.0,145.0,141.0,109.0,156.0,177.0,927.0,5498.0,348.0,808.0,270.0,2216.0,6228.0,23787.0,2661.0,1263.0,322.0,2051.0,13148.0,9664.0,43.2,42.1,42.9,2554.0,2831.0,348.0,0.0,1811.0,28.0,2178.0,24472.0,17040.0,14628.0,31668.0
6baf71d7-d840-7b1a-0f0b-97522634f16f,20015,250001.0,3657.0,545.0,217.0,354.0,326.0,335.0,51.0,129.0,167.0,28.0,99.0,94.0,6.0,32.0,117.0,93.0,2872.0,148.0,235.0,67.0,1170.0,3424.0,11338.0,673.0,784.0,62.0,792.0,8106.0,2267.0,45.6,48.0,46.1,1617.0,1830.0,604.0,0.0,951.0,29.0,1446.0,10553.0,7940.0,7473.0,15413.0
ec08693c-7401-f5ce-2425-d75a4b78dc3d,20011,108377.0,6895.0,2976.0,2464.0,1980.0,2738.0,2071.0,1635.0,841.0,629.0,619.0,498.0,795.0,666.0,566.0,399.0,1630.0,9927.0,429.0,662.0,796.0,7078.0,14776.0,47474.0,5276.0,2441.0,859.0,6180.0,18595.0,24675.0,37.9,37.3,37.6,15327.0,6811.0,9396.0,76.0,1219.0,168.0,34223.0,15058.0,34473.0,32478.0,66951.0
2b56955d-da2d-3b3d-9ed2-aa0cffd21f09,20012,128234.0,2354.0,673.0,580.0,532.0,615.0,621.0,236.0,312.0,116.0,159.0,203.0,61.0,194.0,13.0,104.0,377.0,2693.0,63.0,190.0,96.0,2203.0,3640.0,12367.0,1368.0,754.0,318.0,1198.0,5752.0,5713.0,40.5,39.8,40.2,2923.0,1516.0,1491.0,0.0,200.0,135.0,9998.0,4322.0,9941.0,7721.0,17662.0
f5cb2afc-741b-324d-85ae-8770f9dba1db,20017,101543.0,2097.0,952.0,493.0,884.0,1108.0,518.0,266.0,225.0,178.0,229.0,169.0,209.0,151.0,224.0,338.0,632.0,2907.0,102.0,402.0,260.0,2188.0,4550.0,14640.0,2037.0,793.0,251.0,1467.0,6586.0,7580.0,37.6,34.5,35.9,2244.0,1572.0,948.0,6.0,1108.0,27.0,11322.0,6030.0,10955.0,10058.0,21013.0
5154ef5f-bac0-d757-b057-c1627cf7fcf6,20002,114482.0,8788.0,4703.0,2481.0,3731.0,3815.0,2685.0,1805.0,506.0,405.0,509.0,537.0,624.0,781.0,791.0,580.0,1817.0,14055.0,1062.0,4033.0,2174.0,9989.0,12714.0,54783.0,5013.0,1124.0,1076.0,4437.0,19146.0,34013.0,33.0,34.4,33.7,6185.0,6695.0,1610.0,35.0,2337.0,301.0,28572.0,31030.0,37408.0,33172.0,70580.0
78573797-4a80-7546-4627-31417aa286ac,20018,92569.0,1890.0,962.0,699.0,807.0,722.0,557.0,602.0,424.0,116.0,42.0,369.0,92.0,258.0,335.0,692.0,460.0,2584.0,205.0,189.0,104.0,1990.0,4975.0,15003.0,1160.0,843.0,198.0,1724.0,5688.0,7710.0,40.8,38.5,39.7,1790.0,1501.0,843.0,0.0,278.0,62.0,13328.0,3944.0,10107.0,9849.0,19956.0
1cd0c151-2581-70f9-e6e0-53f7675ebe3b,20020,53015.0,1684.0,1150.0,1074.0,1559.0,3278.0,1809.0,1741.0,969.0,877.0,1102.0,809.0,799.0,906.0,1141.0,1124.0,3487.0,3431.0,1274.0,216.0,69.0,5464.0,10393.0,34018.0,6426.0,1957.0,936.0,4614.0,8076.0,24861.0,36.1,30.6,33.3,1558.0,1703.0,791.0,21.0,376.0,67.0,49315.0,1612.0,30566.0,23319.0,53885.0
8820e3bd-fd06-f9f6-d272-324860831ef2,20019,57031.0,2328.0,2194.0,1177.0,1864.0,2680.0,2509.0,1849.0,682.0,832.0,1232.0,765.0,764.0,898.0,1102.0,1983.0,3664.0,3956.0,691.0,245.0,177.0,6467.0,12881.0,40724.0,8320.0,2203.0,904.0,5077.0,9485.0,31375.0,36.0,31.6,33.8,4597.0,2543.0,3128.0,19.0,139.0,144.0,56847.0,1545.0,34375.0,29990.0,64365.0
efe8b3b5-a080-c6a5-2dec-e95af5b67e6e,20032,48146.0,1331.0,943.0,961.0,1237.0,1308.0,1440.0,1457.0,868.0,1101.0,1027.0,749.0,452.0,591.0,851.0,1540.0,1946.0,2311.0,345.0,363.0,40.0,4912.0,7332.0,25273.0,5234.0,1454.0,721.0,3015.0,7021.0,18296.0,37.1,32.3,34.9,1834.0,2831.0,651.0,0.0,260.0,55.0,31396.0,3635.0,20332.0,18496.0,38828.0
2e1c5d3a-56a6-8b41-de28-123c7fd39898,22207,237126.0,6973.0,1324.0,717.0,805.0,657.0,389.0,314.0,118.0,47.0,95.0,177.0,129.0,82.0,93.0,31.0,251.0,5995.0,294.0,338.0,457.0,1031.0,9095.0,24422.0,2869.0,824.0,452.0,1557.0,16807.0,7651.0,42.0,42.8,42.5,3604.0,3707.0,924.0,16.0,2412.0,182.0,1677.0,26268.0,17968.0,17218.0,35186.0
83e2c328-45b6-1df2-7dea-ab6416d1b5ac,22205,192951.0,3245.0,823.0,419.0,589.0,356.0,268.0,191.0,4.0,60.0,154.0,51.0,99.0,174.0,44.0,65.0,171.0,3614.0,106.0,123.0,261.0,806.0,4436.0,12574.0,1047.0,865.0,170.0,700.0,8242.0,3644.0,42.7,41.5,42.3,2094.0,1733.0,525.0,0.0,1098.0,35.0,249.0,13926.0,8401.0,9165.0,17566.0
80b91b2e-de0d-0fc5-8c50-50eac832652e,22046,175446.0,3078.0,795.0,644.0,434.0,522.0,424.0,260.0,270.0,41.0,46.0,80.0,147.0,52.0,84.0,31.0,200.0,2474.0,91.0,185.0,76.0,861.0,5881.0,13072.0,1388.0,575.0,173.0,1106.0,8071.0,4535.0,43.0,38.4,40.7,2310.0,1568.0,1267.0,0.0,1773.0,0.0,844.0,12665.0,8924.0,9193.0,18117.0
cb8f1137-c938-c68d-1027-e5d35c7fe058,22302,127037.0,2323.0,1346.0,775.0,1120.0,872.0,896.0,444.0,146.0,211.0,131.0,37.0,36.0,170.0,80.0,66.0,191.0,3227.0,247.0,274.0,74.0,1156.0,6576.0,14069.0,1381.0,548.0,173.0,1753.0,6596.0,6380.0,40.1,38.4,39.3,3404.0,2789.0,765.0,0.0,839.0,6.0,1902.0,11976.0,9747.0,8530.0,18277.0
96655f23-b1d1-17b7-5b0f-13b0c65fb8a2,22303,103822.0,1695.0,903.0,664.0,837.0,1411.0,892.0,476.0,320.0,52.0,86.0,34.0,84.0,101.0,66.0,228.0,154.0,2300.0,94.0,110.0,167.0,1591.0,6580.0,12958.0,1449.0,424.0,221.0,1488.0,6147.0,6127.0,36.4,36.5,36.5,4103.0,2335.0,1021.0,0.0,1519.0,665.0,1812.0,9214.0,8378.0,8188.0,16566.0
4e424b92-c277-af32-08c9-196da9fd1ce9,22304,97629.0,4128.0,2822.0,1639.0,2808.0,3247.0,2124.0,1275.0,652.0,179.0,472.0,625.0,925.0,468.0,436.0,711.0,852.0,6214.0,684.0,430.0,39.0,3021.0,18802.0,37688.0,3330.0,1474.0,1312.0,4965.0,15921.0,17346.0,37.5,37.5,37.5,8387.0,6272.0,2906.0,35.0,3947.0,277.0,13730.0,21410.0,25263.0,23314.0,48577.0
ab163406-b458-1e37-8f2f-39495d09dd29,22312,105044.0,2133.0,1233.0,1003.0,1250.0,1278.0,842.0,651.0,218.0,273.0,249.0,168.0,215.0,205.0,183.0,67.0,446.0,3063.0,254.0,196.0,33.0,1425.0,10444.0,19540.0,2232.0,744.0,549.0,2331.0,10397.0,7751.0,38.3,37.3,37.8,4967.0,3410.0,1555.0,17.0,4129.0,95.0,7545.0,9615.0,12931.0,13435.0,26366.0
43cdc356-7c55-dde1-d5d1-cbd047e5eb8d,22311,84759.0,1050.0,838.0,599.0,809.0,1461.0,1105.0,555.0,150.0,301.0,315.0,171.0,68.0,106.0,216.0,82.0,372.0,1676.0,231.0,232.0,49.0,1689.0,7201.0,13682.0,1605.0,812.0,389.0,1619.0,6370.0,6097.0,37.9,35.6,36.6,5285.0,3406.0,1328.0,0.0,1614.0,44.0,6317.0,6631.0,9481.0,9859.0,19340.0
b74acffb-b0dd-b48b-fb1f-f91ac50e2b99,20814,150401.0,5124.0,1974.0,945.0,1124.0,1494.0,1200.0,506.0,220.0,150.0,193.0,158.0,277.0,204.0,143.0,208.0,251.0,5767.0,253.0,1221.0,293.0,2283.0,7336.0,23563.0,2235.0,1398.0,395.0,2049.0,13804.0,8152.0,42.8,39.8,41.3,3012.0,3104.0,616.0,22.0,3972.0,131.0,1934.0,21043.0,16029.0,14793.0,30822.0
570f0cbe-f20f-678d-f4f6-717c4b39e336,20815,198243.0,6529.0,1571.0,867.0,897.0,637.0,581.0,169.0,426.0,139.0,104.0,163.0,162.0,282.0,223.0,102.0,355.0,5581.0,549.0,810.0,179.0,2006.0,6625.0,23323.0,2432.0,1903.0,221.0,1918.0,14866.0,6847.0,49.1,45.2,46.9,1865.0,2339.0,222.0,0.0,2947.0,62.0,2198.0,23501.0,16554.0,14715.0,31269.0
da1101aa-94a6-300c-2dbb-f762a6523995,20850,122691.0,5461.0,2921.0,2032.0,2236.0,2421.0,1063.0,976.0,374.0,320.0,325.0,502.0,425.0,385.0,494.0,442.0,754.0,8439.0,398.0,609.0,94.0,2832.0,14075.0,37559.0,4891.0,2135.0,774.0,4014.0,21255.0,14272.0,42.4,38.9,40.8,6521.0,4794.0,2841.0,0.0,13069.0,67.0,6083.0,23511.0,26751.0,23614.0,50365.0
c6125190-8c07-985b-796b-fa0002f6f33d,20912,82097.0,1885.0,1073.0,468.0,799.0,1009.0,754.0,580.0,360.0,367.0,323.0,461.0,196.0,237.0,357.0,373.0,495.0,2851.0,211.0,373.0,209.0,1922.0,7339.0,17209.0,2228.0,607.0,451.0,1675.0,9089.0,7615.0,39.2,36.5,37.7,6377.0,2605.0,3929.0,34.0,1026.0,267.0,8220.0,9347.0,12592.0,12836.0,25428.0
46103a2b-abf0-ca69-536e-816b402d5ebb,20910,107994.0,4759.0,2922.0,1901.0,2278.0,2169.0,2131.0,1115.0,612.0,622.0,484.0,524.0,458.0,451.0,517.0,361.0,763.0,8825.0,481.0,1126.0,264.0,5248.0,12662.0,35681.0,2566.0,1092.0,362.0,3606.0,15281.0,17906.0,35.7,34.8,35.2,5597.0,4738.0,2289.0,15.0,2969.0,198.0,13569.0,21318.0,23882.0,21214.0,45096.0
8016e14d-d111-eb37-49f0-88d476832b62,20895,169527.0,2948.0,873.0,589.0,440.0,482.0,372.0,171.0,103.0,119.0,144.0,60.0,113.0,107.0,89.0,167.0,167.0,3084.0,155.0,84.0,118.0,701.0,5466.0,13720.0,1144.0,810.0,219.0,1200.0,8739.0,3896.0,44.4,40.2,41.9,2936.0,2580.0,1149.0,0.0,1028.0,110.0,1087.0,13088.0,9481.0,9561.0,19042.0
5b48368e-cc31-36d8-ac73-8c8ca5be6d6b,20855,147708.0,1928.0,994.0,584.0,873.0,525.0,187.0,210.0,108.0,41.0,60.0,50.0,74.0,130.0,85.0,53.0,140.0,2509.0,91.0,48.0,0.0,707.0,5610.0,12162.0,1329.0,753.0,118.0,812.0,8108.0,3700.0,40.7,42.2,41.8,2176.0,1717.0,804.0,0.0,3079.0,229.0,2604.0,8124.0,8828.0,7729.0,16557.0
58780d0a-a4e1-5158-461c-b6e0590ef594,20877,86103.0,1829.0,1584.0,1060.0,1333.0,1400.0,1210.0,585.0,625.0,543.0,530.0,218.0,289.0,284.0,418.0,351.0,621.0,3027.0,681.0,268.0,56.0,1533.0,13498.0,26701.0,4333.0,1862.0,352.0,3127.0,14099.0,11594.0,40.1,34.9,37.2,18507.0,5211.0,11514.0,136.0,5612.0,688.0,6295.0,9612.0,19697.0,19371.0,39068.0
68916d08-d404-2c36-f000-feb0bce240c6,20816,231284.0,3610.0,757.0,505.0,231.0,473.0,121.0,137.0,55.0,129.0,16.0,36.0,74.0,32.0,156.0,31.0,94.0,3079.0,163.0,359.0,206.0,672.0,4330.0,12582.0,1511.0,391.0,114.0,1081.0,9149.0,3358.0,43.8,43.4,43.7,1480.0,1650.0,303.0,0.0,1089.0,0.0,706.0,14333.0,9526.0,8555.0,18081.0
2c273105-d7c6-f4e2-ec1e-07d7599c8f1c,20902,111408.0,3891.0,2452.0,1661.0,2175.0,1876.0,1309.0,792.0,434.0,344.0,523.0,282.0,227.0,455.0,295.0,427.0,839.0,5701.0,248.0,372.0,42.0,3359.0,17400.0,36447.0,5343.0,1349.0,626.0,3384.0,19921.0,16510.0,36.5,37.5,37.0,20474.0,4282.0,15200.0,0.0,4020.0,427.0,9850.0,19391.0,27165.0,26005.0,53170.0
73250c60-b036-d9dd-ddf1-d79fdeb280e6,20852,121496.0,5408.0,3171.0,1842.0,2391.0,2468.0,1495.0,740.0,573.0,414.0,423.0,466.0,442.0,288.0,254.0,383.0,882.0,8801.0,313.0,507.0,9.0,3667.0,13496.0,35885.0,4747.0,2327.0,681.0,4029.0,19241.0,14354.0,40.0,37.4,38.7,7142.0,5411.0,1767.0,14.0,9157.0,100.0,4678.0,26730.0,24524.0,23333.0,47857.0
559741e7-f4de-438f-5d41-1b0df9e324de,20901,127133.0,4212.0,1655.0,1052.0,1527.0,1200.0,606.0,807.0,256.0,247.0,324.0,401.0,266.0,130.0,167.0,114.0,531.0,5013.0,642.0,206.0,105.0,1924.0,11580.0,27048.0,3338.0,1110.0,477.0,3006.0,15806.0,9987.0,40.6,38.3,39.7,7294.0,3413.0,4558.0,42.0,2858.0,275.0,10493.0,15699.0,18543.0,18795.0,37338.0
faeeb40c-8782-d4d5-2450-d1c384a4c93f,20903,77349.0,830.0,478.0,470.0,892.0,1037.0,905.0,506.0,174.0,446.0,168.0,476.0,224.0,222.0,112.0,96.0,207.0,977.0,384.0,291.0,0.0,1273.0,8944.0,15889.0,3060.0,929.0,464.0,1258.0,7925.0,8373.0,35.6,30.8,33.3,13556.0,1468.0,10943.0,0.0,2433.0,395.0,6784.0,3517.0,11844.0,13696.0,25540.0
5caded41-d62c-bf25-32da-ef9f2a8a49f0,20904,93322.0,3972.0,2080.0,1588.0,1935.0,3241.0,1846.0,1173.0,617.0,648.0,878.0,622.0,683.0,531.0,356.0,443.0,632.0,4968.0,740.0,135.0,0.0,1837.0,19141.0,40452.0,5514.0,3712.0,785.0,4399.0,20663.0,16407.0,41.7,37.9,40.1,9308.0,4551.0,4614.0,161.0,6093.0,291.0,28222.0,13312.0,30044.0,27200.0,57244.0
4869650e-7a2c-54a0-da96-3a45eff83f04,20866,134682.0,1354.0,811.0,611.0,546.0,581.0,291.0,238.0,220.0,47.0,14.0,71.0,64.0,30.0,43.0,34.0,101.0,1534.0,106.0,71.0,12.0,352.0,7014.0,11720.0,1574.0,431.0,378.0,1213.0,6428.0,4844.0,38.4,37.5,38.1,2555.0,1307.0,1292.0,0.0,2822.0,122.0,7420.0,3536.0,8261.0,8238.0,16499.0
abbd5e94-b83d-5f7b-142e-a4cdb101446a,22102,153816.0,4844.0,1891.0,989.0,1297.0,1685.0,587.0,363.0,112.0,259.0,82.0,151.0,153.0,180.0,100.0,132.0,405.0,4869.0,344.0,910.0,60.0,573.0,9600.0,21763.0,2904.0,819.0,446.0,2217.0,12823.0,8362.0,39.6,36.2,38.1,2900.0,2161.0,779.0,0.0,8439.0,383.0,1573.0,15242.0,14543.0,14034.0,28577.0
9de552dd-2bfc-d686-6aa8-7c09baf87131,22043,143836.0,3466.0,1257.0,625.0,991.0,1048.0,434.0,534.0,186.0,93.0,102.0,195.0,236.0,129.0,203.0,188.0,111.0,4252.0,272.0,152.0,12.0,1097.0,8318.0,18317.0,2097.0,890.0,418.0,1477.0,10525.0,7104.0,39.1,38.5,38.8,3655.0,1991.0,2232.0,8.0,6296.0,85.0,1390.0,13656.0,13104.0,12554.0,25658.0
84366826-94b2-4700-efac-6de6c7c66f53,22101,250001.0,6748.0,1010.0,374.0,646.0,376.0,331.0,213.0,63.0,59.0,111.0,124.0,200.0,87.0,111.0,145.0,298.0,5183.0,174.0,192.0,36.0,533.0,8870.0,21633.0,3249.0,1463.0,122.0,1346.0,16063.0,5888.0,46.3,47.0,46.5,1582.0,3007.0,323.0,0.0,6077.0,0.0,556.0,21343.0,16079.0,15227.0,31306.0
4d7b8661-6bb9-06c9-efb9-f2c6aa61e488,20194,166423.0,2405.0,944.0,512.0,609.0,500.0,139.0,128.0,68.0,9.0,90.0,40.0,33.0,45.0,23.0,46.0,130.0,2603.0,99.0,38.0,21.0,142.0,4405.0,9590.0,982.0,256.0,107.0,1224.0,5629.0,3356.0,45.5,42.2,43.8,1429.0,1314.0,431.0,0.0,1011.0,0.0,666.0,8912.0,6145.0,6189.0,12334.0
ddfc1c08-c653-0cc3-8d9f-07119fad3bf4,20170,157875.0,5150.0,1920.0,1089.0,1431.0,1566.0,723.0,342.0,145.0,172.0,187.0,140.0,140.0,109.0,153.0,159.0,187.0,5320.0,518.0,482.0,164.0,756.0,16917.0,30324.0,3938.0,871.0,506.0,2405.0,18848.0,11632.0,36.1,35.6,35.9,14167.0,7809.0,6754.0,0.0,6502.0,181.0,2942.0,19184.0,20907.0,22465.0,43372.0
fefaf558-b86d-152d-454c-fe2ba309b1a6,20190,126928.0,3193.0,1667.0,946.0,1177.0,1225.0,592.0,456.0,113.0,356.0,350.0,154.0,112.0,174.0,187.0,240.0,377.0,4357.0,173.0,379.0,105.0,1126.0,7298.0,17732.0,1249.0,820.0,289.0,2982.0,8500.0,6390.0,40.8,40.1,40.4,3291.0,2882.0,664.0,2.0,2620.0,45.0,2259.0,13620.0,11787.0,10305.0,22092.0
9621787d-28f7-4587-3212-c44f07123c8d,22027,250001.0,437.0,103.0,0.0,24.0,9.0,0.0,0.0,0.0,0.0,9.0,0.0,0.0,0.0,0.0,8.0,0.0,176.0,0.0,0.0,12.0,31.0,565.0,1345.0,131.0,42.0,4.0,75.0,1095.0,260.0,48.3,45.8,47.1,260.0,138.0,34.0,0.0,595.0,0.0,10.0,1004.0,898.0,883.0,1781.0
2e45282a-a66e-1277-9fc3-2bb570e9dc05,20191,141019.0,3544.0,2006.0,1225.0,1298.0,1051.0,627.0,502.0,249.0,57.0,279.0,134.0,186.0,107.0,184.0,168.0,390.0,4754.0,369.0,262.0,102.0,1092.0,10543.0,23132.0,2052.0,970.0,296.0,2471.0,12802.0,8645.0,41.6,38.1,39.5,5302.0,3610.0,2084.0,0.0,3732.0,130.0,2711.0,17810.0,15290.0,14787.0,30077.0
2e376b8b-af9a-e4aa-c24d-a3363812e299,20785,83690.0,1285.0,1369.0,1299.0,2141.0,2307.0,1389.0,1030.0,654.0,560.0,368.0,466.0,327.0,715.0,269.0,354.0,940.0,3015.0,515.0,345.0,10.0,1911.0,14492.0,28282.0,3351.0,1784.0,906.0,3366.0,11869.0,13708.0,37.6,33.9,36.2,6560.0,2400.0,4751.0,114.0,1261.0,105.0,29343.0,2972.0,22081.0,18865.0,40946.0
fc893150-0ab7-72dc-b7ed-25daa1806108,20737,84241.0,791.0,908.0,573.0,797.0,949.0,503.0,441.0,271.0,155.0,318.0,201.0,277.0,206.0,75.0,134.0,380.0,1224.0,871.0,92.0,201.0,1140.0,8679.0,15180.0,3654.0,520.0,668.0,1367.0,7278.0,9001.0,32.5,31.9,32.1,15285.0,1954.0,11477.0,0.0,863.0,435.0,5760.0,4498.0,11846.0,13141.0,24987.0
2a6e4bd6-39eb-08e4-fad1-8c6a78b9d3d6,20781,91037.0,771.0,503.0,362.0,407.0,711.0,380.0,152.0,66.0,218.0,90.0,145.0,73.0,88.0,198.0,67.0,227.0,1152.0,192.0,136.0,65.0,648.0,4095.0,8648.0,1913.0,322.0,119.0,1159.0,3706.0,5255.0,36.8,32.7,33.9,5541.0,1243.0,3991.0,71.0,533.0,102.0,3146.0,4188.0,5811.0,7463.0,13274.0
1c5f4755-222e-d171-e44d-a6a60ddc50fb,20712,68452.0,250.0,200.0,304.0,349.0,667.0,681.0,408.0,178.0,113.0,83.0,254.0,104.0,99.0,106.0,49.0,262.0,792.0,73.0,102.0,27.0,973.0,3095.0,6591.0,693.0,346.0,228.0,596.0,3206.0,2908.0,36.5,40.4,38.9,3386.0,652.0,2508.0,0.0,97.0,0.0,4332.0,1590.0,4770.0,4409.0,9179.0
7b8fba72-2e79-e0d7-f7cd-9231513de781,20721,167689.0,4333.0,1759.0,1136.0,1300.0,800.0,484.0,255.0,81.0,233.0,53.0,48.0,124.0,36.0,55.0,49.0,273.0,3323.0,454.0,22.0,0.0,900.0,11748.0,23952.0,1989.0,1323.0,399.0,2773.0,13248.0,8198.0,50.0,46.4,48.1,1183.0,1441.0,365.0,0.0,503.0,97.0,26017.0,1919.0,15982.0,14360.0,30342.0
6a5d89bd-0920-da71-8c5e-bf8731800c21,20745,80649.0,760.0,1377.0,1018.0,1402.0,1960.0,1385.0,968.0,425.0,496.0,394.0,294.0,201.0,188.0,236.0,463.0,629.0,1759.0,445.0,251.0,50.0,2071.0,11335.0,21669.0,2274.0,1200.0,1139.0,2712.0,8025.0,10867.0,41.4,38.4,39.8,8971.0,1675.0,7060.0,23.0,1209.0,425.0,16598.0,2528.0,15469.0,14049.0,29518.0
a99b2c28-615b-43f3-59e1-adc4771fe0ac,20782,88226.0,1624.0,1392.0,1008.0,1456.0,1974.0,1342.0,666.0,384.0,471.0,596.0,164.0,284.0,200.0,344.0,237.0,502.0,3096.0,502.0,469.0,209.0,3559.0,11938.0,25507.0,3391.0,1066.0,671.0,2128.0,11282.0,13751.0,38.3,35.8,36.9,14168.0,3703.0,10383.0,0.0,1387.0,210.0,13208.0,5755.0,17507.0,17139.0,34646.0
345158db-9715-03bd-126d-15699c9e8752,20770,84125.0,1292.0,916.0,1377.0,1415.0,1541.0,1081.0,665.0,392.0,287.0,225.0,210.0,368.0,412.0,369.0,675.0,781.0,2343.0,279.0,453.0,145.0,1805.0,9610.0,19696.0,3009.0,926.0,456.0,2527.0,7667.0,11129.0,39.5,32.3,36.0,4801.0,2090.0,3732.0,0.0,2254.0,139.0,14126.0,5840.0,16129.0,12052.0,28181.0
5fbf2e16-e736-f4fc-b7cf-d8913ce3808e,20376,107306.5,2390.5,1215.5,841.0,1134.5,1303.0,826.0,520.0,253.5,253.0,254.5,222.0,211.5,211.5,233.0,308.5,575.0,3377.0,283.5,416.0,117.0,1439.0,7822.5,21651.0,2233.5,855.0,383.5,2014.5,8867.5,9636.5,37.650000000000006,37.2,37.3,4169.5,2856.5,1608.0,7.0,2235.5,131.0,2382.0,12043.0,14180.0,13865.0,28376.5
f3bd423e-67c6-b462-59bb-b436002b4b4c,22081,107306.5,2390.5,1215.5,841.0,1134.5,1303.0,826.0,520.0,253.5,253.0,254.5,222.0,211.5,211.5,233.0,308.5,575.0,3377.0,283.5,416.0,117.0,1439.0,7822.5,21651.0,2233.5,855.0,383.5,2014.5,8867.5,9636.5,37.650000000000006,37.2,37.3,4169.5,2856.5,1608.0,7.0,2235.5,131.0,2382.0,12043.0,14180.0,13865.0,28376.5
